"INDICATOR","H2020_5"

"H2020_5","Per capita alcohol consumption among people aged 15+ within a calendar year (liters of pure alcohol)"

"UNIT_TYPE","Unit"
"LITRES_PCAPITA","litres per capita"

"EXTERNID","ID in the originating data source"

"DATA_SOURCE","Data source"
"H2020","Indicators for Health 2020"

"DATA_TYPE_REPRESENTATION","Data type representation"
"RATIO","Ratio"

"DATA_SET","Data set"
"H2020","Indicators for monitoring Health 2020 policy targets (WHO)"
"JMF","Joint Monitoring Framework (JMF)"

"COUNTRY","COUNTRY_GRP","YEAR","VALUE"
"ALB","","1962","1.17"
"ALB","","1963","0.91"
"ALB","","1964","1.04"
"ALB","","1965","1.04"
"ALB","","1966","1.03"
"ALB","","1967","1.17"
"ALB","","1968","1.44"
"ALB","","1969","1.73"
"ALB","","1970","1.77"
"ALB","","1971","1.2"
"ALB","","1972","1.56"
"ALB","","1973","1.59"
"ALB","","1974","1.58"
"ALB","","1975","1.35"
"ALB","","1976","1.33"
"ALB","","1977","1.37"
"ALB","","1978","1.65"
"ALB","","1979","1.4"
"ALB","","1980","1.79"
"ALB","","1981","1.84"
"ALB","","1982","1.51"
"ALB","","1983","1.68"
"ALB","","1984","1.58"
"ALB","","1985","1.6"
"ALB","","1986","1.39"
"ALB","","1987","1.63"
"ALB","","1988","1.67"
"ALB","","1989","1.73"
"ALB","","1990","2.03"
"ALB","","1991","1.28"
"ALB","","1992","1.35"
"ALB","","1993","1.49"
"ALB","","1994","2.77"
"ALB","","1995","2.87"
"ALB","","1996","3.12"
"ALB","","1997","2.22"
"ALB","","1998","1.54"
"ALB","","1999","2.19"
"ALB","","2000","3.98"
"ALB","","2001","4.71"
"ALB","","2002","4.01"
"ALB","","2003","4.43"
"ALB","","2004","4.67"
"ALB","","2005","5.3"
"ALB","","2006","5.46"
"ALB","","2007","5.76"
"ALB","","2008","5.82"
"ALB","","2009","6.04"
"ALB","","2010","5.53"
"ALB","","2011","5.65"
"ALB","","2012","5.43"
"ALB","","2013","5.06"
"ALB","","2014","4.81"
"ALB","","2015","4.77"
"ALB","","2016","5.07"
"AND","","2000","11.96"
"AND","","2001","12.03"
"AND","","2002","11.53"
"AND","","2003","10.97"
"AND","","2004","10.8"
"AND","","2005","11.96"
"AND","","2006","12.03"
"AND","","2007","11.53"
"AND","","2008","10.97"
"AND","","2009","10.8"
"AND","","2010","10.64"
"AND","","2011","10.31"
"AND","","2012","10.06"
"AND","","2013","9.78"
"AND","","2014","9.95"
"AND","","2015","9.97"
"AND","","2016","10.06"
"ARM","","1990","3.18"
"ARM","","1991","2.98"
"ARM","","1992","2.52"
"ARM","","1993","2.71"
"ARM","","1994","4.34"
"ARM","","1995","2.98"
"ARM","","1996","2.92"
"ARM","","1997","2.84"
"ARM","","1998","1.9"
"ARM","","1999","2.16"
"ARM","","2000","2.98"
"ARM","","2001","2.96"
"ARM","","2002","2.93"
"ARM","","2003","3.03"
"ARM","","2004","3.81"
"ARM","","2005","4.25"
"ARM","","2006","4.01"
"ARM","","2007","4"
"ARM","","2008","3.96"
"ARM","","2009","3.97"
"ARM","","2010","4.23"
"ARM","","2011","4.06"
"ARM","","2012","3.84"
"ARM","","2013","3.72"
"ARM","","2014","3.97"
"ARM","","2015","3.84"
"ARM","","2016","3.77"
"AUT","","1960","8.91"
"AUT","","1961","9.31"
"AUT","","1962","9.7"
"AUT","","1963","9.8"
"AUT","","1964","10.7"
"AUT","","1965","11.6"
"AUT","","1966","12.4"
"AUT","","1967","13.1"
"AUT","","1968","13.2"
"AUT","","1969","13"
"AUT","","1970","13.4"
"AUT","","1971","13.6"
"AUT","","1972","14.2"
"AUT","","1973","14.6"
"AUT","","1974","14.5"
"AUT","","1975","14.1"
"AUT","","1976","14.3"
"AUT","","1977","14.2"
"AUT","","1978","14"
"AUT","","1979","13.4"
"AUT","","1980","13.6"
"AUT","","1981","13.5"
"AUT","","1982","13.5"
"AUT","","1983","14"
"AUT","","1984","13.9"
"AUT","","1985","13.3"
"AUT","","1986","13.6"
"AUT","","1987","13.5"
"AUT","","1988","13.7"
"AUT","","1989","13.9"
"AUT","","1990","13.9"
"AUT","","1991","14.1"
"AUT","","1992","13.6"
"AUT","","1993","13.5"
"AUT","","1994","12.5"
"AUT","","1995","13.4"
"AUT","","1996","13.5"
"AUT","","1997","12.9"
"AUT","","1998","12.9"
"AUT","","1999","12.8"
"AUT","","2000","13.2"
"AUT","","2001","12.4"
"AUT","","2002","12.5"
"AUT","","2003","12.2"
"AUT","","2004","12.1"
"AUT","","2005","12.4"
"AUT","","2006","12.4"
"AUT","","2007","12.5"
"AUT","","2008","12"
"AUT","","2009","11.3"
"AUT","","2010","12.1"
"AUT","","2011","11.9"
"AUT","","2012","12.1"
"AUT","","2013","11.6"
"AUT","","2014","12.2"
"AUT","","2015","11.4"
"AZE","","1990","2.92"
"AZE","","1991","2.88"
"AZE","","1992","4.31"
"AZE","","1993","2.91"
"AZE","","1994","1.37"
"AZE","","1995","1.23"
"AZE","","1996","1.44"
"AZE","","1997","0.71"
"AZE","","1998","1.7"
"AZE","","1999","1.16"
"AZE","","2000","6.77"
"AZE","","2001","5.7"
"AZE","","2002","4.68"
"AZE","","2003","4.26"
"AZE","","2004","4.39"
"AZE","","2005","0.74"
"AZE","","2006","0.87"
"AZE","","2007","0.98"
"AZE","","2008","1.15"
"AZE","","2009","1.9"
"AZE","","2010","1.9"
"AZE","","2011","1.94"
"AZE","","2012","1.98"
"AZE","","2013","2.04"
"AZE","","2014","1.95"
"AZE","","2015","0.84"
"AZE","","2016","0.39"
"BEL","","1963","9.88"
"BEL","","1964","10.48"
"BEL","","1965","10.76"
"BEL","","1966","10.3"
"BEL","","1967","10.73"
"BEL","","1968","11.15"
"BEL","","1969","11.46"
"BEL","","1970","12.43"
"BEL","","1971","12.62"
"BEL","","1972","13"
"BEL","","1973","13.81"
"BEL","","1974","13.35"
"BEL","","1975","13.46"
"BEL","","1976","13.6"
"BEL","","1977","13.47"
"BEL","","1978","13.4"
"BEL","","1979","13.56"
"BEL","","1980","13.99"
"BEL","","1981","13.25"
"BEL","","1982","13.72"
"BEL","","1983","13.55"
"BEL","","1984","13.26"
"BEL","","1985","13.14"
"BEL","","1986","12.72"
"BEL","","1987","13.16"
"BEL","","1988","12.52"
"BEL","","1989","11.61"
"BEL","","1990","12.18"
"BEL","","1991","11.44"
"BEL","","1992","11.65"
"BEL","","1993","11.66"
"BEL","","1994","11.12"
"BEL","","1995","11.04"
"BEL","","1996","10.94"
"BEL","","1997","10.92"
"BEL","","1998","9.92"
"BEL","","1999","10.1"
"BEL","","2000","11.25"
"BEL","","2001","11.05"
"BEL","","2002","11.33"
"BEL","","2003","11.31"
"BEL","","2004","12.06"
"BEL","","2005","12.21"
"BEL","","2006","10.94"
"BEL","","2007","13.43"
"BEL","","2008","10.51"
"BEL","","2009","10.1"
"BEL","","2010","10.27"
"BEL","","2011","10.14"
"BEL","","2012","10.09"
"BEL","","2013","10.33"
"BEL","","2014","10.57"
"BEL","","2015","10.36"
"BGR","","1963","7.25"
"BGR","","1964","6.52"
"BGR","","1965","7.25"
"BGR","","1966","7.31"
"BGR","","1967","7.84"
"BGR","","1968","9.01"
"BGR","","1969","8.71"
"BGR","","1970","8.44"
"BGR","","1971","8.88"
"BGR","","1972","9.18"
"BGR","","1973","10.14"
"BGR","","1974","10.22"
"BGR","","1975","10.15"
"BGR","","1976","10.86"
"BGR","","1977","10.52"
"BGR","","1978","11.27"
"BGR","","1979","10.91"
"BGR","","1980","10.84"
"BGR","","1981","11.34"
"BGR","","1982","11.2"
"BGR","","1983","10.96"
"BGR","","1984","11.37"
"BGR","","1985","10.92"
"BGR","","1986","11.47"
"BGR","","1987","10.91"
"BGR","","1988","11.17"
"BGR","","1989","11.43"
"BGR","","1990","11.46"
"BGR","","1991","9.47"
"BGR","","1992","10.15"
"BGR","","1993","9.86"
"BGR","","1994","9.7"
"BGR","","1995","9.51"
"BGR","","1996","9.18"
"BGR","","1997","8.13"
"BGR","","1998","7.86"
"BGR","","1999","7.65"
"BGR","","2000","10.08"
"BGR","","2001","11.21"
"BGR","","2002","10.61"
"BGR","","2003","11.19"
"BGR","","2004","10.97"
"BGR","","2005","10.53"
"BGR","","2006","10.42"
"BGR","","2007","10.92"
"BGR","","2008","11.01"
"BGR","","2009","10.96"
"BGR","","2010","10.83"
"BGR","","2011","11.05"
"BGR","","2012","11.3"
"BGR","","2013","10.74"
"BGR","","2014","10.67"
"BGR","","2015","11.3"
"BGR","","2016","11.49"
"BIH","","1990","11.87"
"BIH","","1991","13.79"
"BIH","","1992","10.03"
"BIH","","1993","8.55"
"BIH","","1994","8.19"
"BIH","","1995","8.47"
"BIH","","1996","9.68"
"BIH","","1997","10"
"BIH","","1998","8.37"
"BIH","","1999","8.57"
"BIH","","2000","3.69"
"BIH","","2001","3.95"
"BIH","","2002","3.89"
"BIH","","2003","4.12"
"BIH","","2004","4.22"
"BIH","","2005","4.53"
"BIH","","2006","4.78"
"BIH","","2007","5.11"
"BIH","","2008","5.09"
"BIH","","2009","4.71"
"BIH","","2010","4.5"
"BIH","","2011","4.65"
"BIH","","2012","4.69"
"BIH","","2013","4.43"
"BIH","","2014","4.34"
"BIH","","2015","4.33"
"BIH","","2016","4.44"
"BLR","","1980","13.23"
"BLR","","1981","13.2"
"BLR","","1982","12.67"
"BLR","","1983","12.43"
"BLR","","1984","12.7"
"BLR","","1985","11.41"
"BLR","","1986","7.57"
"BLR","","1987","5.71"
"BLR","","1988","4.55"
"BLR","","1989","7.98"
"BLR","","1990","7.85"
"BLR","","1991","8.87"
"BLR","","1992","8.7"
"BLR","","1993","10.23"
"BLR","","1994","9.86"
"BLR","","1995","9.35"
"BLR","","1996","10.45"
"BLR","","1997","11.02"
"BLR","","1998","11.72"
"BLR","","1999","12.72"
"BLR","","2000","12.92"
"BLR","","2001","10.74"
"BLR","","2002","12.23"
"BLR","","2003","11.17"
"BLR","","2004","12.08"
"BLR","","2005","11.05"
"BLR","","2006","12.53"
"BLR","","2007","13.86"
"BLR","","2008","14.54"
"BLR","","2009","13.97"
"BLR","","2010","13.88"
"BLR","","2011","15.05"
"BLR","","2012","14.14"
"BLR","","2013","12.37"
"BLR","","2014","11.71"
"BLR","","2015","10.09"
"BLR","","2016","10.05"
"","CARINFONET","1992","4.73"
"","CARINFONET","1993","4.16"
"","CARINFONET","1994","4.06"
"","CARINFONET","1995","2.79"
"","CARINFONET","1996","2.17"
"","CARINFONET","1997","2.17"
"","CARINFONET","1998","2.32"
"","CARINFONET","1999","2.04"
"","CARINFONET","2000","3.94"
"","CARINFONET","2001","3.81"
"","CARINFONET","2002","3.83"
"","CARINFONET","2003","4.1"
"","CARINFONET","2004","3.51"
"","CARINFONET","2005","3.5"
"","CARINFONET","2006","3.58"
"","CARINFONET","2007","3.61"
"","CARINFONET","2008","3.65"
"","CARINFONET","2009","3.27"
"","CARINFONET","2010","3.41"
"","CARINFONET","2011","3.33"
"","CARINFONET","2012","3.25"
"","CARINFONET","2013","3.21"
"","CARINFONET","2014","3.17"
"","CARINFONET","2015","3.06"
"","CARINFONET","2016","2.96"
"CHE","","1966","14.22"
"CHE","","1967","14.19"
"CHE","","1968","14.23"
"CHE","","1969","14.65"
"CHE","","1970","14.79"
"CHE","","1971","14.77"
"CHE","","1972","15.02"
"CHE","","1973","15.63"
"CHE","","1974","15.24"
"CHE","","1975","14.28"
"CHE","","1976","13.96"
"CHE","","1977","14.04"
"CHE","","1978","14.16"
"CHE","","1979","14.06"
"CHE","","1980","14.25"
"CHE","","1981","14.58"
"CHE","","1982","14.71"
"CHE","","1983","14.41"
"CHE","","1984","14.33"
"CHE","","1985","14.37"
"CHE","","1986","14.07"
"CHE","","1987","14.02"
"CHE","","1988","14.03"
"CHE","","1989","13.86"
"CHE","","1990","12.99"
"CHE","","1991","12.9"
"CHE","","1992","12.33"
"CHE","","1993","12.33"
"CHE","","1994","11.79"
"CHE","","1995","11.45"
"CHE","","1996","11.33"
"CHE","","1997","11.21"
"CHE","","1998","11.07"
"CHE","","1999","11.05"
"CHE","","2000","11.26"
"CHE","","2001","11.12"
"CHE","","2002","10.85"
"CHE","","2003","10.82"
"CHE","","2004","10.55"
"CHE","","2005","10.15"
"CHE","","2006","10.24"
"CHE","","2007","10.44"
"CHE","","2008","10.29"
"CHE","","2009","10.15"
"CHE","","2010","10.01"
"CHE","","2011","9.99"
"CHE","","2012","9.87"
"CHE","","2013","9.74"
"CHE","","2014","9.62"
"CHE","","2015","9.62"
"CHE","","2016","9.43"
"","CIS","1990","6.54"
"","CIS","1991","7.02"
"","CIS","1992","6.32"
"","CIS","1993","6.92"
"","CIS","1994","6.86"
"","CIS","1995","7.83"
"","CIS","1996","6.62"
"","CIS","1997","6.74"
"","CIS","1998","7.1"
"","CIS","1999","7.5"
"","CIS","2000","7.81"
"","CIS","2001","7.79"
"","CIS","2002","8.07"
"","CIS","2003","8.51"
"","CIS","2004","8.72"
"","CIS","2005","8.68"
"","CIS","2006","8.95"
"","CIS","2007","9.35"
"","CIS","2008","9.38"
"","CIS","2009","8.81"
"","CIS","2010","8.58"
"","CIS","2011","8.57"
"","CIS","2012","8.39"
"","CIS","2013","7.62"
"","CIS","2014","6.9"
"","CIS","2015","6.47"
"","CIS","2016","6.42"
"CYP","","1961","5.15"
"CYP","","1962","4.44"
"CYP","","1963","5.14"
"CYP","","1964","5.22"
"CYP","","1965","5.5"
"CYP","","1966","4.83"
"CYP","","1967","5.18"
"CYP","","1968","4.75"
"CYP","","1969","4.75"
"CYP","","1970","4.76"
"CYP","","1971","5"
"CYP","","1972","5.42"
"CYP","","1973","5.27"
"CYP","","1974","4.27"
"CYP","","1975","4.67"
"CYP","","1976","4.75"
"CYP","","1977","5.21"
"CYP","","1978","5.69"
"CYP","","1979","5.99"
"CYP","","1980","6.28"
"CYP","","1981","6.71"
"CYP","","1982","6.99"
"CYP","","1983","7.46"
"CYP","","1984","7.61"
"CYP","","1985","7.93"
"CYP","","1986","8.33"
"CYP","","1987","8.88"
"CYP","","1988","9.61"
"CYP","","1989","9.29"
"CYP","","1990","9.46"
"CYP","","1991","9.16"
"CYP","","1992","10.38"
"CYP","","1993","9.41"
"CYP","","1994","9.53"
"CYP","","1995","9.47"
"CYP","","1996","8.49"
"CYP","","1997","8.33"
"CYP","","1998","8.68"
"CYP","","1999","8.93"
"CYP","","2000","9.56"
"CYP","","2001","10.16"
"CYP","","2002","11.68"
"CYP","","2003","10.62"
"CYP","","2004","13.03"
"CYP","","2005","11.41"
"CYP","","2006","11.48"
"CYP","","2007","11.58"
"CYP","","2008","12.03"
"CYP","","2009","10.81"
"CYP","","2010","11.32"
"CYP","","2011","10.7"
"CYP","","2012","10.56"
"CYP","","2013","9.04"
"CYP","","2014","9.59"
"CYP","","2015","9.55"
"CZE","","1961","9"
"CZE","","1962","9.12"
"CZE","","1963","9.06"
"CZE","","1964","9.36"
"CZE","","1965","10.18"
"CZE","","1966","10.49"
"CZE","","1967","10.64"
"CZE","","1968","10.61"
"CZE","","1969","11.42"
"CZE","","1970","11.9"
"CZE","","1971","11.57"
"CZE","","1972","12.66"
"CZE","","1973","12.95"
"CZE","","1974","13.11"
"CZE","","1975","13.33"
"CZE","","1976","13.62"
"CZE","","1977","14.2"
"CZE","","1978","14.64"
"CZE","","1979","13.17"
"CZE","","1980","13.99"
"CZE","","1981","14.23"
"CZE","","1982","14.12"
"CZE","","1983","14.14"
"CZE","","1984","14.29"
"CZE","","1985","14.24"
"CZE","","1986","13.01"
"CZE","","1987","13.2"
"CZE","","1988","12.84"
"CZE","","1989","13.01"
"CZE","","1990","12.98"
"CZE","","1991","13.74"
"CZE","","1992","14.39"
"CZE","","1993","13.72"
"CZE","","1994","13.83"
"CZE","","1995","13.74"
"CZE","","1996","13.78"
"CZE","","1997","14.05"
"CZE","","1998","13.92"
"CZE","","1999","13.85"
"CZE","","2000","13.98"
"CZE","","2001","13.75"
"CZE","","2002","13.72"
"CZE","","2003","13.88"
"CZE","","2004","13.31"
"CZE","","2005","13.26"
"CZE","","2006","13.12"
"CZE","","2007","13.35"
"CZE","","2008","13.35"
"CZE","","2009","13.31"
"CZE","","2010","12.65"
"CZE","","2011","12.61"
"CZE","","2012","12.97"
"CZE","","2013","12.84"
"CZE","","2014","13.06"
"CZE","","2015","12.82"
"CZE","","2016","12.99"
"DEU","","1961","11.03"
"DEU","","1962","12.05"
"DEU","","1963","12.85"
"DEU","","1964","13.71"
"DEU","","1965","14"
"DEU","","1966","13.59"
"DEU","","1967","13.51"
"DEU","","1968","14.04"
"DEU","","1969","14.98"
"DEU","","1970","15.53"
"DEU","","1971","16.54"
"DEU","","1972","16.25"
"DEU","","1973","16.74"
"DEU","","1974","15.92"
"DEU","","1975","16.84"
"DEU","","1976","17.23"
"DEU","","1977","16.44"
"DEU","","1978","16.27"
"DEU","","1979","16.67"
"DEU","","1980","16.45"
"DEU","","1981","16.01"
"DEU","","1982","15.69"
"DEU","","1983","15.75"
"DEU","","1984","15.14"
"DEU","","1985","15.14"
"DEU","","1986","14.72"
"DEU","","1987","14.82"
"DEU","","1988","14.61"
"DEU","","1989","14.64"
"DEU","","1990","14.89"
"DEU","","1991","13.92"
"DEU","","1992","13.84"
"DEU","","1993","13.5"
"DEU","","1994","13.37"
"DEU","","1995","13.35"
"DEU","","1996","13.12"
"DEU","","1997","13"
"DEU","","1998","12.74"
"DEU","","1999","12.94"
"DEU","","2000","12.91"
"DEU","","2001","12.46"
"DEU","","2002","12.25"
"DEU","","2003","11.92"
"DEU","","2004","11.83"
"DEU","","2005","12.04"
"DEU","","2006","12.14"
"DEU","","2007","11.89"
"DEU","","2008","11.75"
"DEU","","2009","11.61"
"DEU","","2010","11.35"
"DEU","","2011","11.87"
"DEU","","2012","11.76"
"DEU","","2013","11.67"
"DEU","","2014","11.6"
"DEU","","2015","11.99"
"DEU","","2016","10.9"
"DNK","","1961","6.54"
"DNK","","1962","6.56"
"DNK","","1963","6.65"
"DNK","","1964","7.23"
"DNK","","1965","7"
"DNK","","1966","7.67"
"DNK","","1967","7.89"
"DNK","","1968","8.06"
"DNK","","1969","8.86"
"DNK","","1970","9.58"
"DNK","","1971","9.4"
"DNK","","1972","10.1"
"DNK","","1973","10.89"
"DNK","","1974","10.68"
"DNK","","1975","11.47"
"DNK","","1976","11.84"
"DNK","","1977","11.43"
"DNK","","1978","10.91"
"DNK","","1979","11.41"
"DNK","","1980","11.5"
"DNK","","1981","12.09"
"DNK","","1982","12.47"
"DNK","","1983","12.81"
"DNK","","1984","12.4"
"DNK","","1985","12.2"
"DNK","","1986","12.26"
"DNK","","1987","11.74"
"DNK","","1988","11.9"
"DNK","","1989","11.65"
"DNK","","1990","11.85"
"DNK","","1991","11.76"
"DNK","","1992","11.94"
"DNK","","1993","11.89"
"DNK","","1994","12.14"
"DNK","","1995","12.16"
"DNK","","1996","12.27"
"DNK","","1997","12.2"
"DNK","","1998","11.69"
"DNK","","1999","11.62"
"DNK","","2000","11.68"
"DNK","","2001","11.55"
"DNK","","2002","11.33"
"DNK","","2003","11.54"
"DNK","","2004","11.27"
"DNK","","2005","11.27"
"DNK","","2006","11.02"
"DNK","","2007","11"
"DNK","","2008","10.71"
"DNK","","2009","10.09"
"DNK","","2010","10.24"
"DNK","","2011","10.22"
"DNK","","2012","9.1"
"DNK","","2013","9.43"
"DNK","","2014","9.53"
"DNK","","2015","9.38"
"DNK","","2016","9.55"
"ESP","","1962","14.64"
"ESP","","1963","13.56"
"ESP","","1964","13.88"
"ESP","","1965","14.59"
"ESP","","1966","16.03"
"ESP","","1967","14.54"
"ESP","","1968","14.91"
"ESP","","1969","15.22"
"ESP","","1970","15.25"
"ESP","","1971","15.11"
"ESP","","1972","16.33"
"ESP","","1973","17.98"
"ESP","","1974","18.38"
"ESP","","1975","18.53"
"ESP","","1976","17.93"
"ESP","","1977","17.07"
"ESP","","1978","18.28"
"ESP","","1979","17.71"
"ESP","","1980","17.69"
"ESP","","1981","16.84"
"ESP","","1982","16.23"
"ESP","","1983","16.18"
"ESP","","1984","14.49"
"ESP","","1985","14.47"
"ESP","","1986","14.37"
"ESP","","1987","14.41"
"ESP","","1988","13.52"
"ESP","","1989","13.28"
"ESP","","1990","12.98"
"ESP","","1991","12.88"
"ESP","","1992","12.19"
"ESP","","1993","11.67"
"ESP","","1994","11.36"
"ESP","","1995","11.09"
"ESP","","1996","10.86"
"ESP","","1997","11.69"
"ESP","","1998","11.58"
"ESP","","1999","11.33"
"ESP","","2000","11.84"
"ESP","","2001","12.35"
"ESP","","2002","10.74"
"ESP","","2003","11.35"
"ESP","","2004","11.68"
"ESP","","2005","11.92"
"ESP","","2006","11.86"
"ESP","","2007","11.05"
"ESP","","2008","10.24"
"ESP","","2009","9.99"
"ESP","","2010","9.78"
"ESP","","2011","9.01"
"ESP","","2012","8.83"
"ESP","","2013","8.77"
"ESP","","2014","8.7"
"ESP","","2015","8.26"
"ESP","","2016","8.58"
"EST","","1990","9.84"
"EST","","1991","9.13"
"EST","","1992","7.84"
"EST","","1993","8.1"
"EST","","1994","8.18"
"EST","","1995","8.27"
"EST","","1996","7.97"
"EST","","1997","8.3"
"EST","","1998","8.01"
"EST","","1999","8.85"
"EST","","2000","7.9"
"EST","","2001","9.22"
"EST","","2002","10.36"
"EST","","2003","11.55"
"EST","","2004","13.23"
"EST","","2005","14.7"
"EST","","2006","15.83"
"EST","","2007","17.37"
"EST","","2008","16.38"
"EST","","2009","14.32"
"EST","","2010","14.97"
"EST","","2011","16.27"
"EST","","2012","16.96"
"EST","","2013","17.75"
"EST","","2014","17.29"
"EST","","2015","16.64"
"EST","","2016","15.35"
"","EU_AFTER_MAY2004","1970","9.78"
"","EU_AFTER_MAY2004","1971","10.08"
"","EU_AFTER_MAY2004","1972","10.42"
"","EU_AFTER_MAY2004","1973","10.78"
"","EU_AFTER_MAY2004","1974","10.92"
"","EU_AFTER_MAY2004","1975","10.83"
"","EU_AFTER_MAY2004","1976","11.18"
"","EU_AFTER_MAY2004","1977","11.73"
"","EU_AFTER_MAY2004","1978","12.16"
"","EU_AFTER_MAY2004","1979","12.01"
"","EU_AFTER_MAY2004","1980","12.18"
"","EU_AFTER_MAY2004","1981","12.32"
"","EU_AFTER_MAY2004","1982","11.41"
"","EU_AFTER_MAY2004","1983","11.18"
"","EU_AFTER_MAY2004","1984","11.24"
"","EU_AFTER_MAY2004","1985","11.1"
"","EU_AFTER_MAY2004","1986","11.14"
"","EU_AFTER_MAY2004","1987","10.95"
"","EU_AFTER_MAY2004","1988","10.85"
"","EU_AFTER_MAY2004","1989","10.57"
"","EU_AFTER_MAY2004","1990","10.41"
"","EU_AFTER_MAY2004","1991","10.31"
"","EU_AFTER_MAY2004","1992","10.01"
"","EU_AFTER_MAY2004","1993","9.93"
"","EU_AFTER_MAY2004","1994","9.7"
"","EU_AFTER_MAY2004","1995","9.54"
"","EU_AFTER_MAY2004","1996","9.46"
"","EU_AFTER_MAY2004","1997","9.84"
"","EU_AFTER_MAY2004","1998","9.47"
"","EU_AFTER_MAY2004","1999","9.35"
"","EU_AFTER_MAY2004","2000","10.22"
"","EU_AFTER_MAY2004","2001","10.06"
"","EU_AFTER_MAY2004","2002","10.14"
"","EU_AFTER_MAY2004","2003","10.37"
"","EU_AFTER_MAY2004","2004","10.59"
"","EU_AFTER_MAY2004","2005","10.69"
"","EU_AFTER_MAY2004","2006","11.13"
"","EU_AFTER_MAY2004","2007","11.65"
"","EU_AFTER_MAY2004","2008","12.07"
"","EU_AFTER_MAY2004","2009","11.38"
"","EU_AFTER_MAY2004","2010","10.84"
"","EU_AFTER_MAY2004","2011","10.97"
"","EU_AFTER_MAY2004","2012","11.03"
"","EU_AFTER_MAY2004","2013","11.11"
"","EU_AFTER_MAY2004","2014","11"
"","EU_AFTER_MAY2004","2015","10.98"
"","EU_AFTER_MAY2004","2016","10.93"
"","EU_BEFORE_MAY2004","1970","15.03"
"","EU_BEFORE_MAY2004","1971","15.18"
"","EU_BEFORE_MAY2004","1972","15.33"
"","EU_BEFORE_MAY2004","1973","16.03"
"","EU_BEFORE_MAY2004","1974","15.9"
"","EU_BEFORE_MAY2004","1975","16"
"","EU_BEFORE_MAY2004","1976","15.85"
"","EU_BEFORE_MAY2004","1977","15.3"
"","EU_BEFORE_MAY2004","1978","15.29"
"","EU_BEFORE_MAY2004","1979","15.32"
"","EU_BEFORE_MAY2004","1980","15.21"
"","EU_BEFORE_MAY2004","1981","14.54"
"","EU_BEFORE_MAY2004","1982","14.28"
"","EU_BEFORE_MAY2004","1983","14.23"
"","EU_BEFORE_MAY2004","1984","13.7"
"","EU_BEFORE_MAY2004","1985","13.42"
"","EU_BEFORE_MAY2004","1986","13.06"
"","EU_BEFORE_MAY2004","1987","12.81"
"","EU_BEFORE_MAY2004","1988","12.7"
"","EU_BEFORE_MAY2004","1989","12.68"
"","EU_BEFORE_MAY2004","1990","12.69"
"","EU_BEFORE_MAY2004","1991","12.29"
"","EU_BEFORE_MAY2004","1992","12.06"
"","EU_BEFORE_MAY2004","1993","11.78"
"","EU_BEFORE_MAY2004","1994","11.63"
"","EU_BEFORE_MAY2004","1995","11.56"
"","EU_BEFORE_MAY2004","1996","11.33"
"","EU_BEFORE_MAY2004","1997","11.35"
"","EU_BEFORE_MAY2004","1998","11.22"
"","EU_BEFORE_MAY2004","1999","11.25"
"","EU_BEFORE_MAY2004","2000","11.62"
"","EU_BEFORE_MAY2004","2001","11.68"
"","EU_BEFORE_MAY2004","2002","11.36"
"","EU_BEFORE_MAY2004","2003","11.34"
"","EU_BEFORE_MAY2004","2004","11.31"
"","EU_BEFORE_MAY2004","2005","11.05"
"","EU_BEFORE_MAY2004","2006","10.89"
"","EU_BEFORE_MAY2004","2007","10.86"
"","EU_BEFORE_MAY2004","2008","10.46"
"","EU_BEFORE_MAY2004","2009","10.15"
"","EU_BEFORE_MAY2004","2010","10.2"
"","EU_BEFORE_MAY2004","2011","10.16"
"","EU_BEFORE_MAY2004","2012","10.07"
"","EU_BEFORE_MAY2004","2013","9.85"
"","EU_BEFORE_MAY2004","2014","9.91"
"","EU_BEFORE_MAY2004","2015","9.83"
"","EU_BEFORE_MAY2004","2016","9.63"
"","EU_MEMBERS","1970","13.83"
"","EU_MEMBERS","1971","14.02"
"","EU_MEMBERS","1972","14.21"
"","EU_MEMBERS","1973","14.83"
"","EU_MEMBERS","1974","14.76"
"","EU_MEMBERS","1975","14.81"
"","EU_MEMBERS","1976","14.77"
"","EU_MEMBERS","1977","14.48"
"","EU_MEMBERS","1978","14.57"
"","EU_MEMBERS","1979","14.55"
"","EU_MEMBERS","1980","14.51"
"","EU_MEMBERS","1981","14.03"
"","EU_MEMBERS","1982","13.61"
"","EU_MEMBERS","1983","13.52"
"","EU_MEMBERS","1984","13.12"
"","EU_MEMBERS","1985","12.87"
"","EU_MEMBERS","1986","12.6"
"","EU_MEMBERS","1987","12.37"
"","EU_MEMBERS","1988","12.26"
"","EU_MEMBERS","1989","12.18"
"","EU_MEMBERS","1990","12.16"
"","EU_MEMBERS","1991","11.83"
"","EU_MEMBERS","1992","11.59"
"","EU_MEMBERS","1993","11.35"
"","EU_MEMBERS","1994","11.18"
"","EU_MEMBERS","1995","11.09"
"","EU_MEMBERS","1996","10.9"
"","EU_MEMBERS","1997","11"
"","EU_MEMBERS","1998","10.82"
"","EU_MEMBERS","1999","10.82"
"","EU_MEMBERS","2000","11.3"
"","EU_MEMBERS","2001","11.31"
"","EU_MEMBERS","2002","11.09"
"","EU_MEMBERS","2003","11.13"
"","EU_MEMBERS","2004","11.15"
"","EU_MEMBERS","2005","10.97"
"","EU_MEMBERS","2006","10.94"
"","EU_MEMBERS","2007","11.03"
"","EU_MEMBERS","2008","10.8"
"","EU_MEMBERS","2009","10.41"
"","EU_MEMBERS","2010","10.34"
"","EU_MEMBERS","2011","10.33"
"","EU_MEMBERS","2012","10.27"
"","EU_MEMBERS","2013","10.12"
"","EU_MEMBERS","2014","10.14"
"","EU_MEMBERS","2015","10.07"
"","EU_MEMBERS","2016","9.89"
"FIN","","1961","2.91"
"FIN","","1962","3.02"
"FIN","","1963","3.07"
"FIN","","1964","3.1"
"FIN","","1965","3.28"
"FIN","","1966","3.46"
"FIN","","1967","3.63"
"FIN","","1968","3.93"
"FIN","","1969","5.72"
"FIN","","1970","5.84"
"FIN","","1971","6.39"
"FIN","","1972","6.8"
"FIN","","1973","7.38"
"FIN","","1974","8.42"
"FIN","","1975","8"
"FIN","","1976","8.09"
"FIN","","1977","8.15"
"FIN","","1978","7.89"
"FIN","","1979","7.84"
"FIN","","1980","7.94"
"FIN","","1981","8.01"
"FIN","","1982","7.92"
"FIN","","1983","7.94"
"FIN","","1984","8.06"
"FIN","","1985","8.02"
"FIN","","1986","8.51"
"FIN","","1987","8.75"
"FIN","","1988","9.03"
"FIN","","1989","9.42"
"FIN","","1990","9.53"
"FIN","","1991","9.22"
"FIN","","1992","8.88"
"FIN","","1993","8.39"
"FIN","","1994","8.16"
"FIN","","1995","8.31"
"FIN","","1996","8.24"
"FIN","","1997","8.56"
"FIN","","1998","8.6"
"FIN","","1999","8.62"
"FIN","","2000","8.59"
"FIN","","2001","8.94"
"FIN","","2002","9.25"
"FIN","","2003","9.31"
"FIN","","2004","9.89"
"FIN","","2005","9.95"
"FIN","","2006","10.15"
"FIN","","2007","10.45"
"FIN","","2008","10.26"
"FIN","","2009","9.96"
"FIN","","2010","9.72"
"FIN","","2011","9.81"
"FIN","","2012","9.27"
"FIN","","2013","9.07"
"FIN","","2014","8.75"
"FIN","","2015","8.51"
"FIN","","2016","8.43"
"FRA","","1961","26.04"
"FRA","","1962","24.6"
"FRA","","1963","24.63"
"FRA","","1964","23.96"
"FRA","","1965","23.37"
"FRA","","1966","23.32"
"FRA","","1967","23.05"
"FRA","","1968","22.48"
"FRA","","1969","22.15"
"FRA","","1970","21.77"
"FRA","","1971","21.44"
"FRA","","1972","21.2"
"FRA","","1973","21.4"
"FRA","","1974","21.15"
"FRA","","1975","21.12"
"FRA","","1976","20.84"
"FRA","","1977","20.74"
"FRA","","1978","19.88"
"FRA","","1979","19.4"
"FRA","","1980","18.97"
"FRA","","1981","18.33"
"FRA","","1982","18.25"
"FRA","","1983","17.72"
"FRA","","1984","16.89"
"FRA","","1985","16.59"
"FRA","","1986","16.13"
"FRA","","1987","15.9"
"FRA","","1988","15.86"
"FRA","","1989","16.05"
"FRA","","1990","15.73"
"FRA","","1991","14.85"
"FRA","","1992","14.72"
"FRA","","1993","14.24"
"FRA","","1994","14.11"
"FRA","","1995","14.12"
"FRA","","1996","13.77"
"FRA","","1997","13.31"
"FRA","","1998","13.27"
"FRA","","1999","13.15"
"FRA","","2000","13.63"
"FRA","","2001","13.89"
"FRA","","2002","13.78"
"FRA","","2003","13.49"
"FRA","","2004","13.18"
"FRA","","2005","12.6"
"FRA","","2006","12.4"
"FRA","","2007","12.6"
"FRA","","2008","12.3"
"FRA","","2009","12.3"
"FRA","","2010","12.33"
"FRA","","2011","12.37"
"FRA","","2012","12.24"
"FRA","","2013","11.64"
"FRA","","2014","11.97"
"FRA","","2015","11.87"
"FRA","","2016","11.74"
"GBR","","1961","7.14"
"GBR","","1962","7.09"
"GBR","","1963","7.18"
"GBR","","1964","7.53"
"GBR","","1965","7.4"
"GBR","","1966","7.56"
"GBR","","1967","7.68"
"GBR","","1968","7.91"
"GBR","","1969","8.11"
"GBR","","1970","8.46"
"GBR","","1971","8.83"
"GBR","","1972","9.14"
"GBR","","1973","10.04"
"GBR","","1974","10.39"
"GBR","","1975","10.4"
"GBR","","1976","10.81"
"GBR","","1977","10.28"
"GBR","","1978","10.89"
"GBR","","1979","11.24"
"GBR","","1980","10.71"
"GBR","","1981","10.27"
"GBR","","1982","9.91"
"GBR","","1983","10.1"
"GBR","","1984","10.16"
"GBR","","1985","10.24"
"GBR","","1986","10.26"
"GBR","","1987","9.53"
"GBR","","1988","9.94"
"GBR","","1989","9.99"
"GBR","","1990","9.96"
"GBR","","1991","10.01"
"GBR","","1992","9.65"
"GBR","","1993","9.45"
"GBR","","1994","9.41"
"GBR","","1995","9.7"
"GBR","","1996","9.75"
"GBR","","1997","9.97"
"GBR","","1998","10.14"
"GBR","","1999","10.16"
"GBR","","2000","10.82"
"GBR","","2001","11.29"
"GBR","","2002","11.31"
"GBR","","2003","11.25"
"GBR","","2004","11.55"
"GBR","","2005","11.37"
"GBR","","2006","10.96"
"GBR","","2007","11.14"
"GBR","","2008","10.78"
"GBR","","2009","10.14"
"GBR","","2010","10.22"
"GBR","","2011","10.02"
"GBR","","2012","9.76"
"GBR","","2013","9.65"
"GBR","","2014","9.69"
"GBR","","2015","9.82"
"GBR","","2016","9.81"
"GEO","","1990","4.84"
"GEO","","1991","3.17"
"GEO","","1992","6.76"
"GEO","","1993","6.51"
"GEO","","1994","5.39"
"GEO","","1995","3.35"
"GEO","","1996","3.5"
"GEO","","1997","2.62"
"GEO","","1998","2.09"
"GEO","","1999","2.06"
"GEO","","2000","3.71"
"GEO","","2001","3.09"
"GEO","","2002","3.02"
"GEO","","2003","3.36"
"GEO","","2004","3.74"
"GEO","","2005","4.7"
"GEO","","2006","6.29"
"GEO","","2007","7.64"
"GEO","","2008","8.05"
"GEO","","2009","6.88"
"GEO","","2010","8.1"
"GEO","","2011","8.68"
"GEO","","2012","7.59"
"GEO","","2013","7.06"
"GEO","","2014","7.23"
"GEO","","2015","7.44"
"GEO","","2016","7.44"
"GRC","","1963","9.67"
"GRC","","1964","9.82"
"GRC","","1965","9.99"
"GRC","","1966","10.1"
"GRC","","1967","10.09"
"GRC","","1968","10.15"
"GRC","","1969","10.18"
"GRC","","1970","10.33"
"GRC","","1971","10.39"
"GRC","","1972","10.43"
"GRC","","1973","10.67"
"GRC","","1974","10.88"
"GRC","","1975","10.88"
"GRC","","1976","11.01"
"GRC","","1977","10.92"
"GRC","","1978","11.39"
"GRC","","1979","11.59"
"GRC","","1980","13.21"
"GRC","","1981","12.04"
"GRC","","1982","11.01"
"GRC","","1983","11.78"
"GRC","","1984","11.59"
"GRC","","1985","10.88"
"GRC","","1986","8.92"
"GRC","","1987","9.82"
"GRC","","1988","10.1"
"GRC","","1989","10.15"
"GRC","","1990","10.33"
"GRC","","1991","10.18"
"GRC","","1992","9.99"
"GRC","","1993","10.67"
"GRC","","1994","10.43"
"GRC","","1995","10.09"
"GRC","","1996","9.67"
"GRC","","1997","9.5"
"GRC","","1998","9.03"
"GRC","","1999","9.47"
"GRC","","2000","9.16"
"GRC","","2001","9.32"
"GRC","","2002","8.67"
"GRC","","2003","9.49"
"GRC","","2004","9.6"
"GRC","","2005","10.03"
"GRC","","2006","9.47"
"GRC","","2007","9.7"
"GRC","","2008","9.52"
"GRC","","2009","9.07"
"GRC","","2010","8.99"
"GRC","","2011","8.03"
"GRC","","2012","7.62"
"GRC","","2013","7.52"
"GRC","","2014","6.99"
"GRC","","2015","6.64"
"GRC","","2016","6.52"
"HRV","","1987","13.51"
"HRV","","1988","11.07"
"HRV","","1989","10.92"
"HRV","","1990","15.9"
"HRV","","1991","13.69"
"HRV","","1992","11.47"
"HRV","","1993","11.26"
"HRV","","1994","11.61"
"HRV","","1995","10.91"
"HRV","","1996","11.1"
"HRV","","1997","13.21"
"HRV","","1998","13.84"
"HRV","","1999","12.15"
"HRV","","2000","14.06"
"HRV","","2001","14.56"
"HRV","","2002","14.83"
"HRV","","2003","13.8"
"HRV","","2004","13.12"
"HRV","","2005","11.58"
"HRV","","2006","11.84"
"HRV","","2007","12.28"
"HRV","","2008","12.3"
"HRV","","2009","12.07"
"HRV","","2010","12.11"
"HRV","","2011","12.43"
"HRV","","2012","11.92"
"HRV","","2013","11.64"
"HRV","","2014","10.64"
"HRV","","2015","9.89"
"HRV","","2016","10.32"
"HUN","","1961","9.02"
"HUN","","1962","9.26"
"HUN","","1963","9.14"
"HUN","","1964","10.21"
"HUN","","1965","9.53"
"HUN","","1966","9.58"
"HUN","","1967","10.42"
"HUN","","1968","10.64"
"HUN","","1969","11.77"
"HUN","","1970","12.4"
"HUN","","1971","12.79"
"HUN","","1972","12.73"
"HUN","","1973","12.82"
"HUN","","1974","12.86"
"HUN","","1975","13.79"
"HUN","","1976","14.72"
"HUN","","1977","15.67"
"HUN","","1978","16.06"
"HUN","","1979","15.59"
"HUN","","1980","16.88"
"HUN","","1981","16.73"
"HUN","","1982","16.82"
"HUN","","1983","16.39"
"HUN","","1984","16.82"
"HUN","","1985","16.74"
"HUN","","1986","16.67"
"HUN","","1987","15.7"
"HUN","","1988","15.34"
"HUN","","1989","16.29"
"HUN","","1990","16.15"
"HUN","","1991","15.43"
"HUN","","1992","14.82"
"HUN","","1993","14.16"
"HUN","","1994","13.71"
"HUN","","1995","12.56"
"HUN","","1996","12.55"
"HUN","","1997","12.51"
"HUN","","1998","12.69"
"HUN","","1999","12.09"
"HUN","","2000","12.23"
"HUN","","2001","13.18"
"HUN","","2002","13.28"
"HUN","","2003","13.24"
"HUN","","2004","13.28"
"HUN","","2005","12.94"
"HUN","","2006","13.16"
"HUN","","2007","12.55"
"HUN","","2008","11.64"
"HUN","","2009","11.46"
"HUN","","2010","10.75"
"HUN","","2011","11.35"
"HUN","","2012","11.14"
"HUN","","2013","10.7"
"HUN","","2014","10.88"
"HUN","","2015","10.9"
"IRL","","1963","7.39"
"IRL","","1964","7.67"
"IRL","","1965","7.7"
"IRL","","1966","7.87"
"IRL","","1967","8.02"
"IRL","","1968","8.77"
"IRL","","1969","9.17"
"IRL","","1970","10.58"
"IRL","","1971","11.13"
"IRL","","1972","12"
"IRL","","1973","13.11"
"IRL","","1974","13.67"
"IRL","","1975","13.84"
"IRL","","1976","13.55"
"IRL","","1977","13.56"
"IRL","","1978","13.86"
"IRL","","1979","13.83"
"IRL","","1980","13.19"
"IRL","","1981","12.51"
"IRL","","1982","11.9"
"IRL","","1983","10.87"
"IRL","","1984","11.07"
"IRL","","1985","11.62"
"IRL","","1986","11.23"
"IRL","","1987","10.99"
"IRL","","1988","11.39"
"IRL","","1989","11.79"
"IRL","","1990","12.13"
"IRL","","1991","12.2"
"IRL","","1992","12.51"
"IRL","","1993","12.34"
"IRL","","1994","12.67"
"IRL","","1995","12.86"
"IRL","","1996","13.66"
"IRL","","1997","14.18"
"IRL","","1998","14.44"
"IRL","","1999","14.95"
"IRL","","2000","13.87"
"IRL","","2001","14.06"
"IRL","","2002","13.98"
"IRL","","2003","13.07"
"IRL","","2004","13.14"
"IRL","","2005","13.42"
"IRL","","2006","13.38"
"IRL","","2007","13.37"
"IRL","","2008","12.42"
"IRL","","2009","11.27"
"IRL","","2010","11.63"
"IRL","","2011","11.65"
"IRL","","2012","11.53"
"IRL","","2013","10.64"
"IRL","","2014","11"
"IRL","","2015","10.93"
"IRL","","2016","11.46"
"ISL","","1961","3.04"
"ISL","","1962","3.41"
"ISL","","1963","3.55"
"ISL","","1964","3.64"
"ISL","","1965","3.79"
"ISL","","1966","4.2"
"ISL","","1967","4.42"
"ISL","","1968","3.87"
"ISL","","1969","3.91"
"ISL","","1970","4.57"
"ISL","","1971","4.88"
"ISL","","1972","5.04"
"ISL","","1973","5.19"
"ISL","","1974","5.3"
"ISL","","1975","4.75"
"ISL","","1976","4.76"
"ISL","","1977","5.09"
"ISL","","1978","4.8"
"ISL","","1979","5.12"
"ISL","","1980","4.97"
"ISL","","1981","5.05"
"ISL","","1982","4.92"
"ISL","","1983","5.11"
"ISL","","1984","5.37"
"ISL","","1985","5.34"
"ISL","","1986","5.47"
"ISL","","1987","5.64"
"ISL","","1988","5.47"
"ISL","","1989","5.35"
"ISL","","1990","5.24"
"ISL","","1991","5.14"
"ISL","","1992","4.73"
"ISL","","1993","4.45"
"ISL","","1994","4.61"
"ISL","","1995","4.76"
"ISL","","1996","4.9"
"ISL","","1997","5.1"
"ISL","","1998","5.56"
"ISL","","1999","5.9"
"ISL","","2000","6.14"
"ISL","","2001","6.32"
"ISL","","2002","6.53"
"ISL","","2003","6.52"
"ISL","","2004","6.71"
"ISL","","2005","7.05"
"ISL","","2006","7.2"
"ISL","","2007","7.53"
"ISL","","2008","7.19"
"ISL","","2009","7.24"
"ISL","","2010","6.79"
"ISL","","2011","6.84"
"ISL","","2012","6.82"
"ISL","","2013","6.8"
"ISL","","2014","7.01"
"ISL","","2015","7.66"
"ISL","","2016","7.5"
"ISR","","1961","4.39"
"ISR","","1962","4.8"
"ISR","","1963","4.12"
"ISR","","1964","5.05"
"ISR","","1965","4.86"
"ISR","","1966","4.38"
"ISR","","1967","4.48"
"ISR","","1968","4.51"
"ISR","","1969","4.89"
"ISR","","1970","4.56"
"ISR","","1971","4.66"
"ISR","","1972","4.91"
"ISR","","1973","4.86"
"ISR","","1974","4.74"
"ISR","","1975","5.09"
"ISR","","1976","5"
"ISR","","1977","3.92"
"ISR","","1978","3.52"
"ISR","","1979","3.05"
"ISR","","1980","2.92"
"ISR","","1981","2.8"
"ISR","","1982","2.65"
"ISR","","1983","2.8"
"ISR","","1984","2.65"
"ISR","","1985","2.69"
"ISR","","1986","2.26"
"ISR","","1987","2.26"
"ISR","","1988","2.18"
"ISR","","1989","2.03"
"ISR","","1990","1.84"
"ISR","","1991","1.73"
"ISR","","1992","1.81"
"ISR","","1993","2.18"
"ISR","","1994","1.72"
"ISR","","1995","1.5"
"ISR","","1996","1.62"
"ISR","","1997","2.03"
"ISR","","1998","2.09"
"ISR","","1999","2"
"ISR","","2000","2.63"
"ISR","","2001","2.61"
"ISR","","2002","2.55"
"ISR","","2003","2.36"
"ISR","","2004","2.3"
"ISR","","2005","2.41"
"ISR","","2006","2.23"
"ISR","","2007","2.34"
"ISR","","2008","2.48"
"ISR","","2009","2.56"
"ISR","","2010","2.63"
"ISR","","2011","2.66"
"ISR","","2012","2.81"
"ISR","","2013","2.86"
"ISR","","2014","2.71"
"ISR","","2015","2.61"
"ISR","","2016","2.64"
"ITA","","1961","19.24"
"ITA","","1962","19.44"
"ITA","","1963","18.18"
"ITA","","1964","17.75"
"ITA","","1965","18.42"
"ITA","","1966","18.73"
"ITA","","1967","19.01"
"ITA","","1968","19.71"
"ITA","","1969","19.73"
"ITA","","1970","19.72"
"ITA","","1971","19.56"
"ITA","","1972","19.49"
"ITA","","1973","19.89"
"ITA","","1974","19.65"
"ITA","","1975","18.32"
"ITA","","1976","17.6"
"ITA","","1977","16.99"
"ITA","","1978","16.53"
"ITA","","1979","16.49"
"ITA","","1980","16.73"
"ITA","","1981","15.07"
"ITA","","1982","14.5"
"ITA","","1983","14.55"
"ITA","","1984","14.08"
"ITA","","1985","13.22"
"ITA","","1986","12.37"
"ITA","","1987","11.76"
"ITA","","1988","11.41"
"ITA","","1989","10.95"
"ITA","","1990","10.99"
"ITA","","1991","10.82"
"ITA","","1992","10.55"
"ITA","","1993","10.27"
"ITA","","1994","10.12"
"ITA","","1995","9.62"
"ITA","","1996","9.13"
"ITA","","1997","9.12"
"ITA","","1998","8.98"
"ITA","","1999","8.86"
"ITA","","2000","9.78"
"ITA","","2001","9.68"
"ITA","","2002","9.25"
"ITA","","2003","9.3"
"ITA","","2004","8.98"
"ITA","","2005","7.41"
"ITA","","2006","7.26"
"ITA","","2007","7.19"
"ITA","","2008","6.84"
"ITA","","2009","6.4"
"ITA","","2010","6.95"
"ITA","","2011","6.98"
"ITA","","2012","7.48"
"ITA","","2013","7.35"
"ITA","","2014","7.56"
"ITA","","2015","7.14"
"ITA","","2016","7.08"
"KAZ","","1990","11.9"
"KAZ","","1991","12.77"
"KAZ","","1992","10.96"
"KAZ","","1993","10.43"
"KAZ","","1994","8.78"
"KAZ","","1995","4.91"
"KAZ","","1996","3.08"
"KAZ","","1997","3.4"
"KAZ","","1998","3.89"
"KAZ","","1999","3.52"
"KAZ","","2000","6"
"KAZ","","2001","5.66"
"KAZ","","2002","5.94"
"KAZ","","2003","6.42"
"KAZ","","2004","6.39"
"KAZ","","2005","6.73"
"KAZ","","2006","6.91"
"KAZ","","2007","7.26"
"KAZ","","2008","7.4"
"KAZ","","2009","6.44"
"KAZ","","2010","6.59"
"KAZ","","2011","6.35"
"KAZ","","2012","6.48"
"KAZ","","2013","6.26"
"KAZ","","2014","6.06"
"KAZ","","2015","5.92"
"KAZ","","2016","5.8"
"KGZ","","1985","7.08"
"KGZ","","1986","3.42"
"KGZ","","1987","3.01"
"KGZ","","1988","3.51"
"KGZ","","1989","4.29"
"KGZ","","1990","4.53"
"KGZ","","1991","4.66"
"KGZ","","1992","4.25"
"KGZ","","1993","2"
"KGZ","","1994","2.98"
"KGZ","","1995","1.66"
"KGZ","","1996","2.53"
"KGZ","","1997","2.64"
"KGZ","","1998","3.31"
"KGZ","","1999","1.69"
"KGZ","","2000","5.32"
"KGZ","","2001","5.74"
"KGZ","","2002","5.89"
"KGZ","","2003","6.43"
"KGZ","","2004","6.74"
"KGZ","","2005","6.52"
"KGZ","","2006","6.77"
"KGZ","","2007","6.97"
"KGZ","","2008","7.28"
"KGZ","","2009","5.99"
"KGZ","","2010","6.08"
"KGZ","","2011","6.02"
"KGZ","","2012","5.83"
"KGZ","","2013","5.72"
"KGZ","","2014","5.59"
"KGZ","","2015","4.7"
"KGZ","","2016","3.91"
"LTU","","1984","13.01"
"LTU","","1985","11.56"
"LTU","","1986","8.04"
"LTU","","1987","6.22"
"LTU","","1988","7.11"
"LTU","","1989","8.14"
"LTU","","1990","7.05"
"LTU","","1991","8.03"
"LTU","","1992","3.97"
"LTU","","1993","3.88"
"LTU","","1994","3.62"
"LTU","","1995","6.09"
"LTU","","1996","7.13"
"LTU","","1997","7.34"
"LTU","","1998","6.35"
"LTU","","1999","6.75"
"LTU","","2000","9.87"
"LTU","","2001","10.2"
"LTU","","2002","11"
"LTU","","2003","11.29"
"LTU","","2004","12.1"
"LTU","","2005","12.3"
"LTU","","2006","12.7"
"LTU","","2007","13.4"
"LTU","","2008","13.3"
"LTU","","2009","12.4"
"LTU","","2010","13.61"
"LTU","","2011","14.88"
"LTU","","2012","15.15"
"LTU","","2013","15.14"
"LTU","","2014","14.82"
"LTU","","2015","14.42"
"LTU","","2016","13.61"
"LUX","","1961","18.54"
"LUX","","1962","18.33"
"LUX","","1963","18.74"
"LUX","","1964","18.84"
"LUX","","1965","18.69"
"LUX","","1966","18.46"
"LUX","","1967","18.28"
"LUX","","1968","18.26"
"LUX","","1969","18.56"
"LUX","","1970","18.65"
"LUX","","1971","18.99"
"LUX","","1972","18.73"
"LUX","","1973","19.07"
"LUX","","1974","18.54"
"LUX","","1975","18.98"
"LUX","","1976","19.03"
"LUX","","1977","18.59"
"LUX","","1978","18.08"
"LUX","","1979","18.03"
"LUX","","1980","17.57"
"LUX","","1981","17.04"
"LUX","","1982","16.84"
"LUX","","1983","16.61"
"LUX","","1984","15.9"
"LUX","","1985","15.74"
"LUX","","1986","15.3"
"LUX","","1987","15.23"
"LUX","","1988","15.11"
"LUX","","1989","15.21"
"LUX","","1990","15.03"
"LUX","","1991","14.26"
"LUX","","1992","14.18"
"LUX","","1993","13.74"
"LUX","","1994","13.61"
"LUX","","1995","13.61"
"LUX","","1996","13.31"
"LUX","","1997","13.03"
"LUX","","1998","12.88"
"LUX","","1999","12.92"
"LUX","","2000","13.14"
"LUX","","2001","12.89"
"LUX","","2002","12.91"
"LUX","","2003","12.61"
"LUX","","2004","12.42"
"LUX","","2005","12.02"
"LUX","","2006","12.17"
"LUX","","2007","11.94"
"LUX","","2008","11.72"
"LUX","","2009","11.6"
"LUX","","2010","11.72"
"LUX","","2011","12.01"
"LUX","","2012","11.89"
"LUX","","2013","11.55"
"LUX","","2014","11.69"
"LUX","","2015","11.83"
"LUX","","2016","11.22"
"LVA","","1980","13.03"
"LVA","","1981","12.79"
"LVA","","1982","12.43"
"LVA","","1983","12.33"
"LVA","","1984","12.35"
"LVA","","1985","10.85"
"LVA","","1986","7.79"
"LVA","","1987","5.75"
"LVA","","1988","6.27"
"LVA","","1989","7.51"
"LVA","","1990","6.72"
"LVA","","1991","6.74"
"LVA","","1992","6.88"
"LVA","","1993","7.95"
"LVA","","1994","9.59"
"LVA","","1995","9.08"
"LVA","","1996","8.37"
"LVA","","1997","8.36"
"LVA","","1998","8.94"
"LVA","","1999","8.84"
"LVA","","2000","7.13"
"LVA","","2001","6.68"
"LVA","","2002","7.44"
"LVA","","2003","8.24"
"LVA","","2004","8.81"
"LVA","","2005","9.92"
"LVA","","2006","10.4"
"LVA","","2007","12.12"
"LVA","","2008","11.84"
"LVA","","2009","9.85"
"LVA","","2010","9.83"
"LVA","","2011","10.11"
"LVA","","2012","10.2"
"LVA","","2013","10.43"
"LVA","","2014","10.6"
"LVA","","2015","10.82"
"LVA","","2016","11.19"
"MDA","","1992","10.06"
"MDA","","1993","11.6"
"MDA","","1994","16.31"
"MDA","","1995","15.82"
"MDA","","1996","16.44"
"MDA","","1997","16.4"
"MDA","","1998","16.87"
"MDA","","1999","14.37"
"MDA","","2000","9.77"
"MDA","","2001","10.78"
"MDA","","2002","6.44"
"MDA","","2003","7.76"
"MDA","","2004","11.77"
"MDA","","2005","10.16"
"MDA","","2006","7.72"
"MDA","","2007","8.94"
"MDA","","2008","8.35"
"MDA","","2009","7.77"
"MDA","","2010","7.55"
"MDA","","2011","8.67"
"MDA","","2012","9.85"
"MDA","","2013","9.62"
"MDA","","2014","9.14"
"MDA","","2015","9.39"
"MDA","","2016","9.3"
"MKD","","1992","7"
"MKD","","1993","5.09"
"MKD","","1994","7.54"
"MKD","","1995","6.63"
"MKD","","1996","5.68"
"MKD","","1997","5.53"
"MKD","","1998","6.24"
"MKD","","1999","5.03"
"MKD","","2000","4.86"
"MKD","","2001","4.6"
"MKD","","2002","4.49"
"MKD","","2003","3.91"
"MKD","","2004","3.94"
"MKD","","2005","4.58"
"MKD","","2006","4.01"
"MKD","","2007","4.04"
"MKD","","2008","4.27"
"MKD","","2009","3.9"
"MKD","","2010","3.76"
"MKD","","2011","3.74"
"MKD","","2012","3.74"
"MKD","","2013","3.81"
"MKD","","2014","3.75"
"MKD","","2015","4.68"
"MKD","","2016","4.83"
"MLT","","1961","1.99"
"MLT","","1962","1.51"
"MLT","","1963","1.71"
"MLT","","1964","2.07"
"MLT","","1965","2.18"
"MLT","","1966","2.85"
"MLT","","1967","2.81"
"MLT","","1968","2.55"
"MLT","","1969","2.9"
"MLT","","1970","3.65"
"MLT","","1971","3.28"
"MLT","","1972","2.89"
"MLT","","1973","3.88"
"MLT","","1974","4.06"
"MLT","","1975","4.25"
"MLT","","1976","5.32"
"MLT","","1977","5"
"MLT","","1978","5.8"
"MLT","","1979","5.73"
"MLT","","1980","5.38"
"MLT","","1981","5.24"
"MLT","","1982","4.94"
"MLT","","1983","4.29"
"MLT","","1984","5.05"
"MLT","","1985","4.91"
"MLT","","1986","5.33"
"MLT","","1987","5"
"MLT","","1988","7.15"
"MLT","","1989","7.13"
"MLT","","1990","7.21"
"MLT","","1991","7.22"
"MLT","","1992","7.17"
"MLT","","1993","7.21"
"MLT","","1994","7.2"
"MLT","","1995","7.19"
"MLT","","1996","7.22"
"MLT","","1997","6.46"
"MLT","","1998","6.7"
"MLT","","1999","6.81"
"MLT","","2000","5.88"
"MLT","","2001","5.95"
"MLT","","2002","6.11"
"MLT","","2003","6.8"
"MLT","","2004","6.66"
"MLT","","2005","6.55"
"MLT","","2006","9.03"
"MLT","","2007","7.62"
"MLT","","2008","7.27"
"MLT","","2009","7.53"
"MLT","","2010","7.52"
"MLT","","2011","7.12"
"MLT","","2012","7.92"
"MLT","","2013","7.97"
"MLT","","2014","7.88"
"MLT","","2015","7.75"
"MLT","","2016","8.02"
"MNE","","2006","6.53"
"MNE","","2007","5.69"
"MNE","","2008","6.94"
"MNE","","2009","7.26"
"MNE","","2010","7.26"
"MNE","","2011","6.38"
"MNE","","2012","6.49"
"MNE","","2013","6.47"
"MNE","","2014","6.53"
"MNE","","2015","6.41"
"NLD","","1961","3.97"
"NLD","","1962","4.29"
"NLD","","1963","4.63"
"NLD","","1964","4.97"
"NLD","","1965","5.74"
"NLD","","1966","5.24"
"NLD","","1967","5.98"
"NLD","","1968","6.22"
"NLD","","1969","6.9"
"NLD","","1970","7.54"
"NLD","","1971","8.09"
"NLD","","1972","8.76"
"NLD","","1973","9.77"
"NLD","","1974","10.34"
"NLD","","1975","11.41"
"NLD","","1976","10.53"
"NLD","","1977","11.07"
"NLD","","1978","11.25"
"NLD","","1979","11.65"
"NLD","","1980","11.33"
"NLD","","1981","11.25"
"NLD","","1982","11.04"
"NLD","","1983","11.22"
"NLD","","1984","10.76"
"NLD","","1985","10.55"
"NLD","","1986","10.62"
"NLD","","1987","10.2"
"NLD","","1988","10.17"
"NLD","","1989","10.03"
"NLD","","1990","9.91"
"NLD","","1991","10.03"
"NLD","","1992","10.03"
"NLD","","1993","9.67"
"NLD","","1994","9.68"
"NLD","","1995","9.8"
"NLD","","1996","9.8"
"NLD","","1997","10.05"
"NLD","","1998","9.93"
"NLD","","1999","10.06"
"NLD","","2000","10.06"
"NLD","","2001","9.95"
"NLD","","2002","9.68"
"NLD","","2003","9.56"
"NLD","","2004","9.56"
"NLD","","2005","9.67"
"NLD","","2006","9.78"
"NLD","","2007","9.51"
"NLD","","2008","9.61"
"NLD","","2009","9.22"
"NLD","","2010","9.32"
"NLD","","2011","9.17"
"NLD","","2012","9.28"
"NLD","","2013","8.54"
"NLD","","2014","8.16"
"NLD","","2015","8.03"
"NOR","","1961","3.74"
"NOR","","1962","3.64"
"NOR","","1963","3.74"
"NOR","","1964","3.7"
"NOR","","1965","3.84"
"NOR","","1966","3.96"
"NOR","","1967","4.15"
"NOR","","1968","4.39"
"NOR","","1969","4.58"
"NOR","","1970","4.84"
"NOR","","1971","5.07"
"NOR","","1972","5.3"
"NOR","","1973","5.4"
"NOR","","1974","5.74"
"NOR","","1975","5.87"
"NOR","","1976","5.84"
"NOR","","1977","5.93"
"NOR","","1978","5.41"
"NOR","","1979","5.83"
"NOR","","1980","5.98"
"NOR","","1981","5.32"
"NOR","","1982","4.83"
"NOR","","1983","4.85"
"NOR","","1984","4.98"
"NOR","","1985","5.22"
"NOR","","1986","5.27"
"NOR","","1987","5.38"
"NOR","","1988","5.26"
"NOR","","1989","5.08"
"NOR","","1990","4.99"
"NOR","","1991","4.9"
"NOR","","1992","4.67"
"NOR","","1993","4.55"
"NOR","","1994","4.74"
"NOR","","1995","4.79"
"NOR","","1996","5.04"
"NOR","","1997","5.28"
"NOR","","1998","5.24"
"NOR","","1999","5.45"
"NOR","","2000","5.67"
"NOR","","2001","5.49"
"NOR","","2002","5.89"
"NOR","","2003","6.04"
"NOR","","2004","6.22"
"NOR","","2005","6.37"
"NOR","","2006","6.47"
"NOR","","2007","6.6"
"NOR","","2008","6.75"
"NOR","","2009","6.68"
"NOR","","2010","6.59"
"NOR","","2011","6.44"
"NOR","","2012","6.21"
"NOR","","2013","6.22"
"NOR","","2014","6.06"
"NOR","","2015","5.97"
"NOR","","2016","6.03"
"","NORDIC","1970","7.25"
"","NORDIC","1971","7.34"
"","NORDIC","1972","7.73"
"","NORDIC","1973","8.01"
"","NORDIC","1974","8.44"
"","NORDIC","1975","8.63"
"","NORDIC","1976","8.76"
"","NORDIC","1977","8.56"
"","NORDIC","1978","8.16"
"","NORDIC","1979","8.35"
"","NORDIC","1980","8.26"
"","NORDIC","1981","8.1"
"","NORDIC","1982","8.12"
"","NORDIC","1983","8.09"
"","NORDIC","1984","7.99"
"","NORDIC","1985","8.01"
"","NORDIC","1986","8.25"
"","NORDIC","1987","8.15"
"","NORDIC","1988","8.31"
"","NORDIC","1989","8.36"
"","NORDIC","1990","8.38"
"","NORDIC","1991","8.3"
"","NORDIC","1992","8.23"
"","NORDIC","1993","8.09"
"","NORDIC","1994","8.2"
"","NORDIC","1995","8.11"
"","NORDIC","1996","8.01"
"","NORDIC","1997","8.19"
"","NORDIC","1998","7.96"
"","NORDIC","1999","8.02"
"","NORDIC","2000","7.83"
"","NORDIC","2001","7.98"
"","NORDIC","2002","8.19"
"","NORDIC","2003","8.27"
"","NORDIC","2004","8.26"
"","NORDIC","2005","8.27"
"","NORDIC","2006","8.27"
"","NORDIC","2007","8.5"
"","NORDIC","2008","8.42"
"","NORDIC","2009","8.35"
"","NORDIC","2010","8.31"
"","NORDIC","2011","8.3"
"","NORDIC","2012","7.86"
"","NORDIC","2013","7.92"
"","NORDIC","2014","7.8"
"","NORDIC","2015","7.69"
"","NORDIC","2016","7.72"
"POL","","1961","6.27"
"POL","","1962","6.06"
"POL","","1963","6.22"
"POL","","1964","6.16"
"POL","","1965","6.29"
"POL","","1966","6.57"
"POL","","1967","6.94"
"POL","","1968","7.41"
"POL","","1969","7.64"
"POL","","1970","7.62"
"POL","","1971","8.03"
"POL","","1972","8.7"
"POL","","1973","8.67"
"POL","","1974","9.01"
"POL","","1975","8.62"
"POL","","1976","9.45"
"POL","","1977","10.47"
"POL","","1978","10.99"
"POL","","1979","10.62"
"POL","","1980","10.66"
"POL","","1981","11.21"
"POL","","1982","8.54"
"POL","","1983","8.25"
"POL","","1984","8.31"
"POL","","1985","8.5"
"POL","","1986","9.18"
"POL","","1987","9.41"
"POL","","1988","9.52"
"POL","","1989","9.33"
"POL","","1990","8.16"
"POL","","1991","8.63"
"POL","","1992","8.27"
"POL","","1993","8.39"
"POL","","1994","8.31"
"POL","","1995","8.01"
"POL","","1996","7.91"
"POL","","1997","8.51"
"POL","","1998","8.32"
"POL","","1999","8.22"
"POL","","2000","8.4"
"POL","","2001","7.74"
"POL","","2002","8.02"
"POL","","2003","9.06"
"POL","","2004","9.19"
"POL","","2005","9.5"
"POL","","2006","10.4"
"POL","","2007","10.9"
"POL","","2008","11.4"
"POL","","2009","10.7"
"POL","","2010","10.04"
"POL","","2011","10.21"
"POL","","2012","10.19"
"POL","","2013","10.79"
"POL","","2014","10.45"
"POL","","2015","10.48"
"POL","","2016","10.43"
"PRT","","1961","15.02"
"PRT","","1962","15.17"
"PRT","","1963","18.49"
"PRT","","1964","19.37"
"PRT","","1965","19.53"
"PRT","","1966","16.9"
"PRT","","1967","17.03"
"PRT","","1968","18.32"
"PRT","","1969","13.99"
"PRT","","1970","19.89"
"PRT","","1971","15.95"
"PRT","","1972","16.18"
"PRT","","1973","19.06"
"PRT","","1974","18.34"
"PRT","","1975","19.55"
"PRT","","1976","16.87"
"PRT","","1977","13.74"
"PRT","","1978","14.02"
"PRT","","1979","14.19"
"PRT","","1980","14.91"
"PRT","","1981","15.38"
"PRT","","1982","16.99"
"PRT","","1983","15.88"
"PRT","","1984","16.37"
"PRT","","1985","13.93"
"PRT","","1986","13.49"
"PRT","","1987","12.35"
"PRT","","1988","12.92"
"PRT","","1989","14.64"
"PRT","","1990","15.21"
"PRT","","1991","14.78"
"PRT","","1992","14.36"
"PRT","","1993","14.17"
"PRT","","1994","14.05"
"PRT","","1995","13.59"
"PRT","","1996","12.84"
"PRT","","1997","12.58"
"PRT","","1998","12.48"
"PRT","","1999","13.18"
"PRT","","2000","13.08"
"PRT","","2001","13.41"
"PRT","","2002","13.23"
"PRT","","2003","14.21"
"PRT","","2004","13.47"
"PRT","","2005","13.34"
"PRT","","2006","13.12"
"PRT","","2007","12.59"
"PRT","","2008","12.35"
"PRT","","2009","12.03"
"PRT","","2010","12.23"
"PRT","","2011","11.91"
"PRT","","2012","10.86"
"PRT","","2013","10.54"
"PRT","","2014","10.35"
"PRT","","2015","10.54"
"PRT","","2016","10.66"
"ROU","","1961","5.7"
"ROU","","1962","6.92"
"ROU","","1963","7.01"
"ROU","","1964","7.03"
"ROU","","1965","7.18"
"ROU","","1966","7.27"
"ROU","","1967","7.12"
"ROU","","1968","7.66"
"ROU","","1969","8"
"ROU","","1970","8.55"
"ROU","","1971","8.82"
"ROU","","1972","8.97"
"ROU","","1973","10.21"
"ROU","","1974","10.34"
"ROU","","1975","9.68"
"ROU","","1976","9.44"
"ROU","","1977","9.61"
"ROU","","1978","10.47"
"ROU","","1979","11.41"
"ROU","","1980","10.91"
"ROU","","1981","10.48"
"ROU","","1982","10.28"
"ROU","","1983","10.21"
"ROU","","1984","10.14"
"ROU","","1985","10.09"
"ROU","","1986","10.31"
"ROU","","1987","10.29"
"ROU","","1988","10.4"
"ROU","","1989","8.67"
"ROU","","1990","8.92"
"ROU","","1991","8.91"
"ROU","","1992","8.81"
"ROU","","1993","9.01"
"ROU","","1994","7.84"
"ROU","","1995","8.2"
"ROU","","1996","8.05"
"ROU","","1997","8.74"
"ROU","","1998","7.28"
"ROU","","1999","7.66"
"ROU","","2000","10.16"
"ROU","","2001","9.78"
"ROU","","2002","9.62"
"ROU","","2003","8.78"
"ROU","","2004","9.82"
"ROU","","2005","9.95"
"ROU","","2006","10.29"
"ROU","","2007","11.6"
"ROU","","2008","13.11"
"ROU","","2009","11.77"
"ROU","","2010","10.79"
"ROU","","2011","10.4"
"ROU","","2012","10.55"
"ROU","","2013","10.59"
"ROU","","2014","10.46"
"ROU","","2015","10.4"
"RUS","","1963","6.19"
"RUS","","1964","6.39"
"RUS","","1965","6.71"
"RUS","","1966","6.95"
"RUS","","1967","7.45"
"RUS","","1968","7.83"
"RUS","","1969","8.45"
"RUS","","1970","8.63"
"RUS","","1971","8.5"
"RUS","","1972","8.16"
"RUS","","1973","8.05"
"RUS","","1974","7.54"
"RUS","","1975","7.68"
"RUS","","1976","7.68"
"RUS","","1977","7.67"
"RUS","","1978","7.77"
"RUS","","1979","7.72"
"RUS","","1980","7.91"
"RUS","","1981","7.66"
"RUS","","1982","7.68"
"RUS","","1983","8.46"
"RUS","","1984","8.98"
"RUS","","1985","7.61"
"RUS","","1986","5.29"
"RUS","","1987","4.59"
"RUS","","1988","5.19"
"RUS","","1989","5.35"
"RUS","","1990","7.37"
"RUS","","1991","8.05"
"RUS","","1992","7.07"
"RUS","","1993","8.36"
"RUS","","1994","8.66"
"RUS","","1995","11.22"
"RUS","","1996","9.21"
"RUS","","1997","9.25"
"RUS","","1998","9.87"
"RUS","","1999","10.7"
"RUS","","2000","10.18"
"RUS","","2001","10.47"
"RUS","","2002","10.87"
"RUS","","2003","11.32"
"RUS","","2004","11.5"
"RUS","","2005","11.59"
"RUS","","2006","11.83"
"RUS","","2007","12.23"
"RUS","","2008","12.09"
"RUS","","2009","11.25"
"RUS","","2010","10.98"
"RUS","","2011","10.95"
"RUS","","2012","10.89"
"RUS","","2013","9.92"
"RUS","","2014","8.85"
"RUS","","2015","8.41"
"RUS","","2016","8.42"
"","SEEHN","1990","8.38"
"","SEEHN","1991","8.15"
"","SEEHN","1992","7.9"
"","SEEHN","1993","7.9"
"","SEEHN","1994","7.84"
"","SEEHN","1995","7.86"
"","SEEHN","1996","7.84"
"","SEEHN","1997","7.85"
"","SEEHN","1998","7.14"
"","SEEHN","1999","7.08"
"","SEEHN","2000","7.95"
"","SEEHN","2001","8.07"
"","SEEHN","2002","7.48"
"","SEEHN","2003","7.34"
"","SEEHN","2004","7.98"
"","SEEHN","2005","8.23"
"","SEEHN","2006","8.02"
"","SEEHN","2007","8.72"
"","SEEHN","2008","9.27"
"","SEEHN","2009","8.69"
"","SEEHN","2010","8.29"
"","SEEHN","2011","8.22"
"","SEEHN","2012","8.38"
"","SEEHN","2013","8.31"
"","SEEHN","2014","8.04"
"","SEEHN","2015","8.17"
"","SEEHN","2016","8.2"
"SRB","","2000","7.38"
"SRB","","2001","7.53"
"SRB","","2002","6.95"
"SRB","","2003","7.25"
"SRB","","2004","7.42"
"SRB","","2005","9.6"
"SRB","","2006","8.52"
"SRB","","2007","8.72"
"SRB","","2008","8.61"
"SRB","","2009","8.6"
"SRB","","2010","9.09"
"SRB","","2011","8.96"
"SRB","","2012","9.05"
"SRB","","2013","9.06"
"SRB","","2014","8.77"
"SRB","","2015","9.13"
"SRB","","2016","9.17"
"SVK","","1961","9.28"
"SVK","","1962","9.44"
"SVK","","1963","9.35"
"SVK","","1964","10.21"
"SVK","","1965","11.03"
"SVK","","1966","11.18"
"SVK","","1967","10.81"
"SVK","","1968","11.16"
"SVK","","1969","12.05"
"SVK","","1970","12.71"
"SVK","","1971","14.25"
"SVK","","1972","13.64"
"SVK","","1973","13.68"
"SVK","","1974","13.51"
"SVK","","1975","14.7"
"SVK","","1976","13.66"
"SVK","","1977","14.85"
"SVK","","1978","13.59"
"SVK","","1979","13.57"
"SVK","","1980","14.93"
"SVK","","1981","15.02"
"SVK","","1982","15.2"
"SVK","","1983","14.85"
"SVK","","1984","14.33"
"SVK","","1985","13.82"
"SVK","","1986","13.3"
"SVK","","1987","13.24"
"SVK","","1988","12.77"
"SVK","","1989","12.7"
"SVK","","1990","13.49"
"SVK","","1991","13.24"
"SVK","","1992","12.63"
"SVK","","1993","12.04"
"SVK","","1994","13.02"
"SVK","","1995","12.55"
"SVK","","1996","12.86"
"SVK","","1997","13.09"
"SVK","","1998","12.13"
"SVK","","1999","12.13"
"SVK","","2000","11.06"
"SVK","","2001","10.73"
"SVK","","2002","10.78"
"SVK","","2003","9.85"
"SVK","","2004","10.03"
"SVK","","2005","10.83"
"SVK","","2006","10.31"
"SVK","","2007","10.63"
"SVK","","2008","11.43"
"SVK","","2009","10.69"
"SVK","","2010","10.55"
"SVK","","2011","10.78"
"SVK","","2012","10.66"
"SVK","","2013","10.54"
"SVK","","2014","10.89"
"SVK","","2015","10.78"
"SVK","","2016","10.14"
"SVN","","1981","16.94"
"SVN","","1982","19.5"
"SVN","","1983","17.28"
"SVN","","1984","17.23"
"SVN","","1985","15.07"
"SVN","","1986","18.13"
"SVN","","1987","16.64"
"SVN","","1988","14.96"
"SVN","","1989","12.96"
"SVN","","1990","13.79"
"SVN","","1991","13.18"
"SVN","","1992","15.7"
"SVN","","1993","15.66"
"SVN","","1994","14.8"
"SVN","","1995","13.94"
"SVN","","1996","12.6"
"SVN","","1997","11.44"
"SVN","","1998","14.61"
"SVN","","1999","12.28"
"SVN","","2000","12.8"
"SVN","","2001","11.58"
"SVN","","2002","9.87"
"SVN","","2003","11.55"
"SVN","","2004","10.01"
"SVN","","2005","11.19"
"SVN","","2006","12.26"
"SVN","","2007","11.02"
"SVN","","2008","10.94"
"SVN","","2009","10.52"
"SVN","","2010","10.31"
"SVN","","2011","10.61"
"SVN","","2012","10.95"
"SVN","","2013","9.53"
"SVN","","2014","10.92"
"SVN","","2015","11.49"
"SVN","","2016","10.51"
"SWE","","1961","6.04"
"SWE","","1962","6.1"
"SWE","","1963","6.03"
"SWE","","1964","6.36"
"SWE","","1965","6.56"
"SWE","","1966","6.75"
"SWE","","1967","6.96"
"SWE","","1968","7.22"
"SWE","","1969","7.75"
"SWE","","1970","7.86"
"SWE","","1971","7.77"
"SWE","","1972","8.05"
"SWE","","1973","7.94"
"SWE","","1974","8.46"
"SWE","","1975","8.69"
"SWE","","1976","8.78"
"SWE","","1977","8.41"
"SWE","","1978","8.06"
"SWE","","1979","8.08"
"SWE","","1980","7.65"
"SWE","","1981","7.14"
"SWE","","1982","7.29"
"SWE","","1983","6.96"
"SWE","","1984","6.82"
"SWE","","1985","6.9"
"SWE","","1986","7.21"
"SWE","","1987","7.07"
"SWE","","1988","7.31"
"SWE","","1989","7.47"
"SWE","","1990","7.41"
"SWE","","1991","7.47"
"SWE","","1992","7.5"
"SWE","","1993","7.51"
"SWE","","1994","7.71"
"SWE","","1995","7.33"
"SWE","","1996","6.9"
"SWE","","1997","7.11"
"SWE","","1998","6.8"
"SWE","","1999","6.88"
"SWE","","2000","6.2"
"SWE","","2001","6.6"
"SWE","","2002","6.9"
"SWE","","2003","6.9"
"SWE","","2004","6.6"
"SWE","","2005","6.5"
"SWE","","2006","6.5"
"SWE","","2007","6.9"
"SWE","","2008","6.9"
"SWE","","2009","7.3"
"SWE","","2010","7.31"
"SWE","","2011","7.34"
"SWE","","2012","7.23"
"SWE","","2013","7.32"
"SWE","","2014","7.2"
"SWE","","2015","7.16"
"SWE","","2016","7.18"
"TJK","","1992","2.4"
"TJK","","1993","1.17"
"TJK","","1994","1.28"
"TJK","","1995","1.75"
"TJK","","1996","1.82"
"TJK","","1997","0.8"
"TJK","","1998","0.45"
"TJK","","1999","0.33"
"TJK","","2000","0.91"
"TJK","","2001","0.94"
"TJK","","2002","0.94"
"TJK","","2003","0.88"
"TJK","","2004","0.82"
"TJK","","2005","0.76"
"TJK","","2006","0.63"
"TJK","","2007","0.59"
"TJK","","2008","0.59"
"TJK","","2009","0.68"
"TJK","","2010","0.67"
"TJK","","2011","0.7"
"TJK","","2012","0.76"
"TJK","","2013","0.79"
"TJK","","2014","0.87"
"TJK","","2015","0.9"
"TJK","","2016","0.91"
"TKM","","1992","0.42"
"TKM","","1993","0.55"
"TKM","","1994","1.67"
"TKM","","1995","2"
"TKM","","1996","1.71"
"TKM","","1997","1.73"
"TKM","","1998","1.62"
"TKM","","1999","1.63"
"TKM","","2000","3.78"
"TKM","","2001","2.9"
"TKM","","2002","2.86"
"TKM","","2003","2.88"
"TKM","","2004","2.86"
"TKM","","2005","2.85"
"TKM","","2006","2.72"
"TKM","","2007","2.55"
"TKM","","2008","2.41"
"TKM","","2009","2.35"
"TKM","","2010","3.55"
"TKM","","2011","3.56"
"TKM","","2012","3.7"
"TKM","","2013","3.88"
"TKM","","2014","3.85"
"TKM","","2015","3.39"
"TKM","","2016","3.43"
"TUR","","1961","0.75"
"TUR","","1962","0.81"
"TUR","","1963","0.31"
"TUR","","1964","0.33"
"TUR","","1965","0.35"
"TUR","","1966","0.35"
"TUR","","1967","0.33"
"TUR","","1968","0.35"
"TUR","","1969","0.35"
"TUR","","1970","0.39"
"TUR","","1971","0.55"
"TUR","","1972","0.41"
"TUR","","1973","0.69"
"TUR","","1974","0.59"
"TUR","","1975","0.77"
"TUR","","1976","0.77"
"TUR","","1977","0.85"
"TUR","","1978","0.91"
"TUR","","1979","0.81"
"TUR","","1980","1.15"
"TUR","","1981","1.54"
"TUR","","1982","1.26"
"TUR","","1983","1.26"
"TUR","","1984","1"
"TUR","","1985","0.98"
"TUR","","1986","0.85"
"TUR","","1987","0.89"
"TUR","","1988","0.71"
"TUR","","1989","0.72"
"TUR","","1990","1.02"
"TUR","","1991","1.21"
"TUR","","1992","1.31"
"TUR","","1993","1.4"
"TUR","","1994","1.45"
"TUR","","1995","1.49"
"TUR","","1996","1.38"
"TUR","","1997","1.64"
"TUR","","1998","1.54"
"TUR","","1999","1.46"
"TUR","","2000","1.54"
"TUR","","2001","1.49"
"TUR","","2002","1.47"
"TUR","","2003","1.42"
"TUR","","2004","1.35"
"TUR","","2005","1.29"
"TUR","","2006","1.29"
"TUR","","2007","1.26"
"TUR","","2008","1.39"
"TUR","","2009","1.4"
"TUR","","2010","1.49"
"TUR","","2011","1.51"
"TUR","","2012","1.53"
"TUR","","2013","1.4"
"TUR","","2014","1.44"
"TUR","","2015","1.4"
"TUR","","2016","1.29"
"UKR","","1975","7.48"
"UKR","","1980","7.67"
"UKR","","1981","7.48"
"UKR","","1982","6.96"
"UKR","","1983","6.99"
"UKR","","1984","7.08"
"UKR","","1985","6.62"
"UKR","","1986","4.39"
"UKR","","1987","4.01"
"UKR","","1988","4.43"
"UKR","","1989","5.32"
"UKR","","1990","5.67"
"UKR","","1991","5.86"
"UKR","","1992","5.54"
"UKR","","1993","5.47"
"UKR","","1994","4.21"
"UKR","","1995","3.72"
"UKR","","1996","3.26"
"UKR","","1997","3.98"
"UKR","","1998","3.74"
"UKR","","1999","3.93"
"UKR","","2000","4.49"
"UKR","","2001","4.31"
"UKR","","2002","4.89"
"UKR","","2003","5.92"
"UKR","","2004","6.79"
"UKR","","2005","7.34"
"UKR","","2006","8.04"
"UKR","","2007","8.92"
"UKR","","2008","9.53"
"UKR","","2009","9.41"
"UKR","","2010","8.81"
"UKR","","2011","8.77"
"UKR","","2012","8.18"
"UKR","","2013","7.11"
"UKR","","2014","6.22"
"UKR","","2015","5.75"
"UKR","","2016","5.82"
"UZB","","1992","1.32"
"UZB","","1993","1.1"
"UZB","","1994","1.84"
"UZB","","1995","1.9"
"UZB","","1996","1.64"
"UZB","","1997","1.67"
"UZB","","1998","1.73"
"UZB","","1999","1.71"
"UZB","","2000","3.22"
"UZB","","2001","3.23"
"UZB","","2002","3.12"
"UZB","","2003","3.35"
"UZB","","2004","2.02"
"UZB","","2005","1.88"
"UZB","","2006","1.93"
"UZB","","2007","1.86"
"UZB","","2008","1.84"
"UZB","","2009","1.78"
"UZB","","2010","1.79"
"UZB","","2011","1.77"
"UZB","","2012","1.52"
"UZB","","2013","1.56"
"UZB","","2014","1.51"
"UZB","","2015","1.61"
"UZB","","2016","1.6"
"","WHO_EURO","1970","11.03"
"","WHO_EURO","1971","11.11"
"","WHO_EURO","1972","11.16"
"","WHO_EURO","1973","11.51"
"","WHO_EURO","1974","11.37"
"","WHO_EURO","1975","11.41"
"","WHO_EURO","1976","11.38"
"","WHO_EURO","1977","11.2"
"","WHO_EURO","1978","11.26"
"","WHO_EURO","1979","11.22"
"","WHO_EURO","1980","11.24"
"","WHO_EURO","1981","10.91"
"","WHO_EURO","1982","10.59"
"","WHO_EURO","1983","10.65"
"","WHO_EURO","1984","10.48"
"","WHO_EURO","1985","10.03"
"","WHO_EURO","1986","9.24"
"","WHO_EURO","1987","8.92"
"","WHO_EURO","1988","8.94"
"","WHO_EURO","1989","9.01"
"","WHO_EURO","1990","9.37"
"","WHO_EURO","1991","9.34"
"","WHO_EURO","1992","8.97"
"","WHO_EURO","1993","9.02"
"","WHO_EURO","1994","8.9"
"","WHO_EURO","1995","9.15"
"","WHO_EURO","1996","8.64"
"","WHO_EURO","1997","8.75"
"","WHO_EURO","1998","8.73"
"","WHO_EURO","1999","8.85"
"","WHO_EURO","2000","9.22"
"","WHO_EURO","2001","9.21"
"","WHO_EURO","2002","9.16"
"","WHO_EURO","2003","9.32"
"","WHO_EURO","2004","9.39"
"","WHO_EURO","2005","9.29"
"","WHO_EURO","2006","9.35"
"","WHO_EURO","2007","9.53"
"","WHO_EURO","2008","9.42"
"","WHO_EURO","2009","9.01"
"","WHO_EURO","2010","8.9"
"","WHO_EURO","2011","8.89"
"","WHO_EURO","2012","8.79"
"","WHO_EURO","2013","8.44"
"","WHO_EURO","2014","8.21"
"","WHO_EURO","2015","8.03"
"","WHO_EURO","2016","7.91"

"Last update","2019.10.17 14:21:23 GMT"
"Description","Per capita alcohol consumption among people aged 15+ within a calendar year (liters of pure alcohol)"
"Reference link","https://dw.euro.who.int/api/v3/measures/H2020_5?lang=En"

"Copyright"
"© WHO Regional Office for Europe 2022. All rights reserved.","https://www.who.int/about/policies/publishing/copyright"
