"INDICATOR","H2020_29"

"H2020_29","Private household out-of-pocket expenditure as a proportion of total health expenditure (%)"

"UNIT_TYPE","Unit"
"PERCENT","%"

"EXTERNID","ID in the originating data source"

"DATA_SOURCE","Data source"
"H2020","Indicators for Health 2020"

"DATA_TYPE_REPRESENTATION","Data type representation"
"RATIO","Ratio"

"DATA_SET","Data set"
"H2020","Indicators for monitoring Health 2020 policy targets (WHO)"
"JMF","Joint Monitoring Framework (JMF)"

"COUNTRY","COUNTRY_GRP","YEAR","VALUE"
"ALB","","1995","74.03389519"
"ALB","","1996","76.45072572"
"ALB","","1997","73.18078438"
"ALB","","1998","69.76021656"
"ALB","","1999","63.38369617"
"ALB","","2000","63.81917269"
"ALB","","2001","61.6885918"
"ALB","","2002","64.07475438"
"ALB","","2003","60.44117915"
"ALB","","2004","53.81305611"
"ALB","","2005","52.30130855"
"ALB","","2006","51.82090219"
"ALB","","2007","52.48919192"
"ALB","","2008","51.67033199"
"ALB","","2009","50.914223"
"ALB","","2010","53.4075251"
"ALB","","2011","49.98561064"
"ALB","","2012","50.89410431"
"ALB","","2013","49.69555747"
"ALB","","2014","49.93165101"
"AND","","1995","22.44228194"
"AND","","1996","21.21965649"
"AND","","1997","20.96156389"
"AND","","1998","16.48144539"
"AND","","1999","22.28164613"
"AND","","2000","22.08389248"
"AND","","2001","21.875"
"AND","","2002","22.01834862"
"AND","","2003","22.34446814"
"AND","","2004","22.62750723"
"AND","","2005","24.59432925"
"AND","","2006","24.0041788"
"AND","","2007","20.03340565"
"AND","","2008","19.25077264"
"AND","","2009","18.48650001"
"AND","","2010","15.94008813"
"AND","","2011","19.23975305"
"AND","","2012","17.30853731"
"AND","","2013","11.28880166"
"AND","","2014","15.94330347"
"ARM","","1995","66.23138507"
"ARM","","1996","69.367376"
"ARM","","1997","71.79346678"
"ARM","","1998","67.77170205"
"ARM","","1999","67.27838222"
"ARM","","2000","77.34854937"
"ARM","","2001","69.77567742"
"ARM","","2002","68.75067995"
"ARM","","2003","69.13352046"
"ARM","","2004","71.34811044"
"ARM","","2005","61.6467504"
"ARM","","2006","52.65454715"
"ARM","","2007","49.45282889"
"ARM","","2008","51.3983681"
"ARM","","2009","53.07837424"
"ARM","","2010","55.87217495"
"ARM","","2011","47.04559015"
"ARM","","2012","54.56981392"
"ARM","","2013","53.69198311"
"ARM","","2014","53.51333862"
"AUT","","1995","15.15492477"
"AUT","","1996","15.532623"
"AUT","","1997","15.37829824"
"AUT","","1998","15.33914562"
"AUT","","1999","14.95041597"
"AUT","","2000","15.06531876"
"AUT","","2001","15.87077044"
"AUT","","2002","15.83333253"
"AUT","","2003","16.03454022"
"AUT","","2004","17.47871847"
"AUT","","2005","17.42251015"
"AUT","","2006","17.1908636"
"AUT","","2007","17.0919357"
"AUT","","2008","16.39441429"
"AUT","","2009","16.33451841"
"AUT","","2010","16.58055264"
"AUT","","2011","16.6803314"
"AUT","","2012","16.34461812"
"AUT","","2013","16.23914267"
"AUT","","2014","16.14891707"
"AZE","","1995","66.35833854"
"AZE","","1996","65.13845741"
"AZE","","1997","62.16988181"
"AZE","","1998","67.23824988"
"AZE","","1999","64.77207763"
"AZE","","2000","63.26662402"
"AZE","","2001","63.2180006"
"AZE","","2002","65.2668574"
"AZE","","2003","77.35400465"
"AZE","","2004","78.99833673"
"AZE","","2005","82.3585563"
"AZE","","2006","78.43178294"
"AZE","","2007","72.56401639"
"AZE","","2008","71.74716482"
"AZE","","2009","68.50153612"
"AZE","","2010","69.18461184"
"AZE","","2011","69.8291745"
"AZE","","2012","69.02266594"
"AZE","","2013","71.06431526"
"AZE","","2014","72.08213855"
"BEL","","1995","19.58801971"
"BEL","","1996","18.86645963"
"BEL","","1997","21.13372093"
"BEL","","1998","21.18756202"
"BEL","","1999","20.85622473"
"BEL","","2000","20.54320265"
"BEL","","2001","19.71406025"
"BEL","","2002","21.34183898"
"BEL","","2003","20.30706621"
"BEL","","2004","18.18641129"
"BEL","","2005","17.59833334"
"BEL","","2006","18.65635013"
"BEL","","2007","19.40393495"
"BEL","","2008","18.47065778"
"BEL","","2009","18.19796128"
"BEL","","2010","17.92776152"
"BEL","","2011","18.72909433"
"BEL","","2012","17.7838958"
"BEL","","2013","17.85284556"
"BEL","","2014","17.80520538"
"BGR","","1995","26.03997136"
"BGR","","1996","30.39957197"
"BGR","","1997","28.33654406"
"BGR","","1998","30.10369976"
"BGR","","1999","33.67304779"
"BGR","","2000","39.06844768"
"BGR","","2001","41.58238661"
"BGR","","2002","38.14640271"
"BGR","","2003","36.9811423"
"BGR","","2004","38.21663683"
"BGR","","2005","37.88651542"
"BGR","","2006","41.79301241"
"BGR","","2007","40.60199331"
"BGR","","2008","40.37220954"
"BGR","","2009","43.3734603"
"BGR","","2010","42.8835946"
"BGR","","2011","43.91307422"
"BGR","","2012","42.52249135"
"BGR","","2013","46.7954828"
"BGR","","2014","44.19239756"
"BIH","","1995","62.89560226"
"BIH","","1996","53.01222133"
"BIH","","1997","56.94693063"
"BIH","","1998","59.14154128"
"BIH","","1999","46.90349183"
"BIH","","2000","43.11597207"
"BIH","","2001","39.77130401"
"BIH","","2002","36.91520235"
"BIH","","2003","31.00785812"
"BIH","","2004","42.79689749"
"BIH","","2005","42.72698732"
"BIH","","2006","39.87915688"
"BIH","","2007","36.27032906"
"BIH","","2008","32.26606773"
"BIH","","2009","28.63218526"
"BIH","","2010","28.29815629"
"BIH","","2011","27.81357051"
"BIH","","2012","27.80850541"
"BIH","","2013","29.03943643"
"BIH","","2014","27.92931604"
"BLR","","1995","18.62671654"
"BLR","","1996","14.76966084"
"BLR","","1997","8.79902545"
"BLR","","1998","13.39451554"
"BLR","","1999","13.2035853"
"BLR","","2000","14.00511964"
"BLR","","2001","18.28277532"
"BLR","","2002","20.48864554"
"BLR","","2003","18.21645428"
"BLR","","2004","17.25857361"
"BLR","","2005","19.85772162"
"BLR","","2006","22.18169704"
"BLR","","2007","23.58406027"
"BLR","","2008","27.45349987"
"BLR","","2009","26.90194999"
"BLR","","2010","19.84725037"
"BLR","","2011","26.64299702"
"BLR","","2012","19.46230723"
"BLR","","2013","30.69080793"
"BLR","","2014","32.03152429"
"","CARINFONET","1995","43.62"
"","CARINFONET","1996","44"
"","CARINFONET","1997","44.88"
"","CARINFONET","1998","47.86"
"","CARINFONET","1999","50.34"
"","CARINFONET","2000","51.29"
"","CARINFONET","2001","50.29"
"","CARINFONET","2002","53.01"
"","CARINFONET","2003","52.49"
"","CARINFONET","2004","51.93"
"","CARINFONET","2005","50.97"
"","CARINFONET","2006","50.39"
"","CARINFONET","2007","52.49"
"","CARINFONET","2008","50.57"
"","CARINFONET","2009","48.71"
"","CARINFONET","2010","46.13"
"","CARINFONET","2011","45.58"
"","CARINFONET","2012","46.58"
"","CARINFONET","2013","47.33"
"","CARINFONET","2014","45.34"
"CHE","","1995","33.09738461"
"CHE","","1996","31.49545459"
"CHE","","1997","32.40647025"
"CHE","","1998","32.87349088"
"CHE","","1999","33.37612351"
"CHE","","2000","32.97535484"
"CHE","","2001","31.7895641"
"CHE","","2002","31.56169675"
"CHE","","2003","31.62420696"
"CHE","","2004","31.86128796"
"CHE","","2005","30.63059349"
"CHE","","2006","30.79313205"
"CHE","","2007","30.72587141"
"CHE","","2008","24.83545812"
"CHE","","2009","24.6650369"
"CHE","","2010","26.37593516"
"CHE","","2011","26.40890663"
"CHE","","2012","27.23865646"
"CHE","","2013","25.76736717"
"CHE","","2014","26.8"
"","CIS","1995","25.63"
"","CIS","1996","26.63"
"","CIS","1997","28.19"
"","CIS","1998","33.17"
"","CIS","1999","36.67"
"","CIS","2000","37.92"
"","CIS","2001","37.75"
"","CIS","2002","38.37"
"","CIS","2003","39.31"
"","CIS","2004","39.45"
"","CIS","2005","38.26"
"","CIS","2006","37.16"
"","CIS","2007","37.11"
"","CIS","2008","42.83"
"","CIS","2009","43.68"
"","CIS","2010","43.69"
"","CIS","2011","44.22"
"","CIS","2012","43.65"
"","CIS","2013","45.89"
"","CIS","2014","46.21"
"CYP","","1995","63.26971407"
"CYP","","1996","64.86436472"
"CYP","","1997","63.60166366"
"CYP","","1998","57.05375089"
"CYP","","1999","54.55891664"
"CYP","","2000","55.86018313"
"CYP","","2001","55.18530202"
"CYP","","2002","52.76921708"
"CYP","","2003","43.42542521"
"CYP","","2004","46.4894075"
"CYP","","2005","47.03737765"
"CYP","","2006","46.62598625"
"CYP","","2007","47.78289904"
"CYP","","2008","49.69585547"
"CYP","","2009","48.3190785"
"CYP","","2010","45.36701124"
"CYP","","2011","44.84164266"
"CYP","","2012","47.0366049"
"CYP","","2013","46.97137834"
"CYP","","2014","48.71378501"
"CZE","","1995","9.11127562"
"CZE","","1996","9.33247151"
"CZE","","1997","9.71447516"
"CZE","","1998","9.56973238"
"CZE","","1999","9.51846966"
"CZE","","2000","9.68087582"
"CZE","","2001","10.23459766"
"CZE","","2002","9.52643707"
"CZE","","2003","9.96135488"
"CZE","","2004","10.35228493"
"CZE","","2005","10.69599409"
"CZE","","2006","11.29435355"
"CZE","","2007","13.18240522"
"CZE","","2008","15.73360876"
"CZE","","2009","14.6286967"
"CZE","","2010","14.86045211"
"CZE","","2011","14.74046196"
"CZE","","2012","15.03126691"
"CZE","","2013","14.52955882"
"CZE","","2014","14.32592339"
"DEU","","1995","9.96458605"
"DEU","","1996","9.85056466"
"DEU","","1997","10.62905179"
"DEU","","1998","11.18248291"
"DEU","","1999","11.30688746"
"DEU","","2000","11.82803242"
"DEU","","2001","11.8042504"
"DEU","","2002","12.12069776"
"DEU","","2003","12.50132596"
"DEU","","2004","13.89994182"
"DEU","","2005","13.99497508"
"DEU","","2006","14.12039469"
"DEU","","2007","14.05746179"
"DEU","","2008","13.78179605"
"DEU","","2009","13.56112236"
"DEU","","2010","13.75453415"
"DEU","","2011","13.77954488"
"DEU","","2012","13.83432625"
"DEU","","2013","13.19588873"
"DEU","","2014","13.19748255"
"DNK","","1995","16.29748554"
"DNK","","1996","16.23188076"
"DNK","","1997","16.3280654"
"DNK","","1998","16.35196932"
"DNK","","1999","14.59549011"
"DNK","","2000","14.67089541"
"DNK","","2001","14.41053783"
"DNK","","2002","14.10908864"
"DNK","","2003","13.98079536"
"DNK","","2004","14.22126034"
"DNK","","2005","14.04706864"
"DNK","","2006","13.83675763"
"DNK","","2007","13.94593381"
"DNK","","2008","13.54999888"
"DNK","","2009","13.17150816"
"DNK","","2010","13.19381069"
"DNK","","2011","12.8189654"
"DNK","","2012","12.43924238"
"DNK","","2013","12.89193693"
"DNK","","2014","13.35969348"
"ESP","","1995","23.53770013"
"ESP","","1996","23.18998853"
"ESP","","1997","23.09766447"
"ESP","","1998","23.24590372"
"ESP","","1999","23.30412854"
"ESP","","2000","23.57635669"
"ESP","","2001","23.93351525"
"ESP","","2002","23.71525243"
"ESP","","2003","21.83577314"
"ESP","","2004","21.65226152"
"ESP","","2005","21.25018547"
"ESP","","2006","20.49009855"
"ESP","","2007","20.2329107"
"ESP","","2008","20.30083923"
"ESP","","2009","18.96784682"
"ESP","","2010","20.23728999"
"ESP","","2011","20.70824869"
"ESP","","2012","22.54342858"
"ESP","","2013","23.47421451"
"ESP","","2014","23.99499858"
"EST","","1995","10.2347411"
"EST","","1996","11.49237895"
"EST","","1997","10.60279176"
"EST","","1998","13.18869736"
"EST","","1999","14.11440026"
"EST","","2000","19.92527255"
"EST","","2001","18.98971996"
"EST","","2002","20.07111394"
"EST","","2003","20.41099925"
"EST","","2004","21.31595772"
"EST","","2005","20.41864681"
"EST","","2006","25.0915083"
"EST","","2007","21.90616211"
"EST","","2008","19.6564641"
"EST","","2009","20.31519888"
"EST","","2010","18.56931869"
"EST","","2011","17.55716512"
"EST","","2012","19.14758208"
"EST","","2013","20.26021131"
"EST","","2014","20.71983229"
"","EU_AFTER_MAY2004","1995","22.36"
"","EU_AFTER_MAY2004","1996","23.33"
"","EU_AFTER_MAY2004","1997","22.41"
"","EU_AFTER_MAY2004","1998","25.72"
"","EU_AFTER_MAY2004","1999","23.54"
"","EU_AFTER_MAY2004","2000","24.39"
"","EU_AFTER_MAY2004","2001","24.14"
"","EU_AFTER_MAY2004","2002","22.67"
"","EU_AFTER_MAY2004","2003","22.16"
"","EU_AFTER_MAY2004","2004","25.32"
"","EU_AFTER_MAY2004","2005","23.46"
"","EU_AFTER_MAY2004","2006","23.79"
"","EU_AFTER_MAY2004","2007","23.09"
"","EU_AFTER_MAY2004","2008","22.75"
"","EU_AFTER_MAY2004","2009","23.33"
"","EU_AFTER_MAY2004","2010","22.7"
"","EU_AFTER_MAY2004","2011","22.99"
"","EU_AFTER_MAY2004","2012","23.09"
"","EU_AFTER_MAY2004","2013","23.42"
"","EU_AFTER_MAY2004","2014","23.26"
"","EU_BEFORE_MAY2004","1995","15.85"
"","EU_BEFORE_MAY2004","1996","15.61"
"","EU_BEFORE_MAY2004","1997","15.92"
"","EU_BEFORE_MAY2004","1998","16.15"
"","EU_BEFORE_MAY2004","1999","16.06"
"","EU_BEFORE_MAY2004","2000","15.66"
"","EU_BEFORE_MAY2004","2001","15.35"
"","EU_BEFORE_MAY2004","2002","15.35"
"","EU_BEFORE_MAY2004","2003","15.2"
"","EU_BEFORE_MAY2004","2004","15.19"
"","EU_BEFORE_MAY2004","2005","14.91"
"","EU_BEFORE_MAY2004","2006","14.86"
"","EU_BEFORE_MAY2004","2007","14.93"
"","EU_BEFORE_MAY2004","2008","14.81"
"","EU_BEFORE_MAY2004","2009","14.1"
"","EU_BEFORE_MAY2004","2010","14.42"
"","EU_BEFORE_MAY2004","2011","14.48"
"","EU_BEFORE_MAY2004","2012","14.7"
"","EU_BEFORE_MAY2004","2013","14.66"
"","EU_BEFORE_MAY2004","2014","14.93"
"","EU_MEMBERS","1995","17.35"
"","EU_MEMBERS","1996","17.38"
"","EU_MEMBERS","1997","17.4"
"","EU_MEMBERS","1998","18.33"
"","EU_MEMBERS","1999","17.76"
"","EU_MEMBERS","2000","17.63"
"","EU_MEMBERS","2001","17.32"
"","EU_MEMBERS","2002","16.97"
"","EU_MEMBERS","2003","16.74"
"","EU_MEMBERS","2004","17.41"
"","EU_MEMBERS","2005","16.77"
"","EU_MEMBERS","2006","16.79"
"","EU_MEMBERS","2007","16.69"
"","EU_MEMBERS","2008","16.51"
"","EU_MEMBERS","2009","16.07"
"","EU_MEMBERS","2010","16.18"
"","EU_MEMBERS","2011","16.29"
"","EU_MEMBERS","2012","16.47"
"","EU_MEMBERS","2013","16.52"
"","EU_MEMBERS","2014","16.67"
"FIN","","1995","22.64997205"
"FIN","","1996","22.65846387"
"FIN","","1997","22.1502868"
"FIN","","1998","21.6187303"
"FIN","","1999","22.37070557"
"FIN","","2000","22.31559741"
"FIN","","2001","21.78906645"
"FIN","","2002","21.27100374"
"FIN","","2003","20.89553722"
"FIN","","2004","20.50393871"
"FIN","","2005","20.0673858"
"FIN","","2006","18.99127217"
"FIN","","2007","19.18301504"
"FIN","","2008","18.92790495"
"FIN","","2009","18.7224474"
"FIN","","2010","19.31358697"
"FIN","","2011","18.81207016"
"FIN","","2012","18.0447844"
"FIN","","2013","18.19029764"
"FIN","","2014","18.23218997"
"FRA","","1995","7.60353928"
"FRA","","1996","7.32264774"
"FRA","","1997","7.19134442"
"FRA","","1998","7.11503757"
"FRA","","1999","7.16359035"
"FRA","","2000","7.09980215"
"FRA","","2001","7.17126703"
"FRA","","2002","6.97136791"
"FRA","","2003","7.10273445"
"FRA","","2004","6.96388343"
"FRA","","2005","7.07693125"
"FRA","","2006","7.41895535"
"FRA","","2007","7.32917047"
"FRA","","2008","7.62025852"
"FRA","","2009","7.49924273"
"FRA","","2010","7.45241264"
"FRA","","2011","6.69237064"
"FRA","","2012","6.50667486"
"FRA","","2013","6.34791351"
"FRA","","2014","6.33740784"
"GBR","","1995","10.90723955"
"GBR","","1996","10.991907"
"GBR","","1997","11.74768467"
"GBR","","1998","11.75345424"
"GBR","","1999","11.41181091"
"GBR","","2000","10.98758032"
"GBR","","2001","10.81347038"
"GBR","","2002","10.81361922"
"GBR","","2003","10.99335153"
"GBR","","2004","9.95740429"
"GBR","","2005","9.48841177"
"GBR","","2006","9.85372111"
"GBR","","2007","10.01233083"
"GBR","","2008","8.97803292"
"GBR","","2009","8.85464539"
"GBR","","2010","9.613628"
"GBR","","2011","9.30195263"
"GBR","","2012","9.46365363"
"GBR","","2013","9.54514754"
"GBR","","2014","9.73311031"
"GEO","","1995","94.78465883"
"GEO","","1996","88.32973618"
"GEO","","1997","81.28027804"
"GEO","","1998","81.64807019"
"GEO","","1999","81.73887964"
"GEO","","2000","82.50978649"
"GEO","","2001","72.27094391"
"GEO","","2002","71.18585654"
"GEO","","2003","77.06336687"
"GEO","","2004","77.398272"
"GEO","","2005","76.82580161"
"GEO","","2006","72.22067382"
"GEO","","2007","70.79521373"
"GEO","","2008","64.23507265"
"GEO","","2009","66.549337"
"GEO","","2010","69.11270983"
"GEO","","2011","64.88616462"
"GEO","","2012","62.4077378"
"GEO","","2013","61.04743794"
"GEO","","2014","58.57930065"
"GRC","","1995","43.44773791"
"GRC","","1996","42.2003089"
"GRC","","1997","42.26164562"
"GRC","","1998","42.74470232"
"GRC","","1999","41.25655413"
"GRC","","2000","34.36394114"
"GRC","","2001","32.40245132"
"GRC","","2002","35.01754386"
"GRC","","2003","34.25102266"
"GRC","","2004","35.2173102"
"GRC","","2005","34.82736436"
"GRC","","2006","32.87442226"
"GRC","","2007","34.55944823"
"GRC","","2008","37.86383856"
"GRC","","2009","28.43020098"
"GRC","","2010","29.36366091"
"GRC","","2011","28.71237139"
"GRC","","2012","28.83574115"
"GRC","","2013","30.66843974"
"GRC","","2014","34.86415963"
"HRV","","1995","13.54245836"
"HRV","","1996","12.42189279"
"HRV","","1997","15.52261981"
"HRV","","1998","12.96237682"
"HRV","","1999","12.65910702"
"HRV","","2000","13.86125003"
"HRV","","2001","14.3898941"
"HRV","","2002","18.63236522"
"HRV","","2003","16.68338923"
"HRV","","2004","18.16787236"
"HRV","","2005","13.4056938"
"HRV","","2006","13.36083238"
"HRV","","2007","12.44538213"
"HRV","","2008","14.51444983"
"HRV","","2009","13.72681325"
"HRV","","2010","13.75707378"
"HRV","","2011","12.06291256"
"HRV","","2012","11.47205278"
"HRV","","2013","11.25232319"
"HRV","","2014","11.20611835"
"HUN","","1995","16.03908484"
"HUN","","1996","18.39613137"
"HUN","","1997","18.71630728"
"HUN","","1998","22.304092"
"HUN","","1999","24.85232239"
"HUN","","2000","26.27133168"
"HUN","","2001","27.69272547"
"HUN","","2002","26.27908176"
"HUN","","2003","25.49872166"
"HUN","","2004","24.90780698"
"HUN","","2005","24.9957944"
"HUN","","2006","24.22291575"
"HUN","","2007","25.39303879"
"HUN","","2008","25.69264195"
"HUN","","2009","25.34828864"
"HUN","","2010","26.42915829"
"HUN","","2011","27.3123175"
"HUN","","2012","28.48163162"
"HUN","","2013","27.33227544"
"HUN","","2014","26.59021511"
"IRL","","1995","15.34005666"
"IRL","","1996","15.5308765"
"IRL","","1997","15.26562922"
"IRL","","1998","14.40290856"
"IRL","","1999","15.00354334"
"IRL","","2000","15.74406767"
"IRL","","2001","14.97187617"
"IRL","","2002","14.26983899"
"IRL","","2003","15.30903251"
"IRL","","2004","15.0153128"
"IRL","","2005","16.04218755"
"IRL","","2006","16.05778185"
"IRL","","2007","14.82294697"
"IRL","","2008","15.32995619"
"IRL","","2009","16.11789249"
"IRL","","2010","18.22269836"
"IRL","","2011","17.65387069"
"IRL","","2012","16.89125928"
"IRL","","2013","17.39509345"
"IRL","","2014","17.66426677"
"ISL","","1995","16.06807323"
"ISL","","1996","16.7470606"
"ISL","","1997","17.93885069"
"ISL","","1998","18.10677188"
"ISL","","1999","16.42181572"
"ISL","","2000","17.48214215"
"ISL","","2001","17.58158188"
"ISL","","2002","16.79292156"
"ISL","","2003","16.98875487"
"ISL","","2004","17.37883359"
"ISL","","2005","17.1924498"
"ISL","","2006","16.57828003"
"ISL","","2007","15.98369759"
"ISL","","2008","15.90035915"
"ISL","","2009","16.54982018"
"ISL","","2010","18.21138288"
"ISL","","2011","17.97514811"
"ISL","","2012","17.99006112"
"ISL","","2013","17.80008581"
"ISL","","2014","17.47511941"
"ISR","","1995","25.72795977"
"ISR","","1996","23.88851954"
"ISR","","1997","24.75712354"
"ISR","","1998","28.0050474"
"ISR","","1999","26.57132965"
"ISR","","2000","28.3274106"
"ISR","","2001","29.05798728"
"ISR","","2002","26.84128532"
"ISR","","2003","27.6196632"
"ISR","","2004","27.77349502"
"ISR","","2005","29.24545147"
"ISR","","2006","26.03369896"
"ISR","","2007","27.01511561"
"ISR","","2008","26.03254119"
"ISR","","2009","26.12614927"
"ISR","","2010","24.38644565"
"ISR","","2011","24.52020184"
"ISR","","2012","25.05946013"
"ISR","","2013","26.50659284"
"ISR","","2014","26.98297487"
"ITA","","1995","26.85948049"
"ITA","","1996","26.7794578"
"ITA","","1997","26.817741"
"ITA","","1998","27.38951516"
"ITA","","1999","26.99557285"
"ITA","","2000","25.3396663"
"ITA","","2001","23.42825163"
"ITA","","2002","23.12801769"
"ITA","","2003","22.79059949"
"ITA","","2004","21.99879757"
"ITA","","2005","20.73806937"
"ITA","","2006","20.44065439"
"ITA","","2007","20.69760801"
"ITA","","2008","20.5513439"
"ITA","","2009","19.69181549"
"ITA","","2010","19.51737133"
"ITA","","2011","20.96326412"
"ITA","","2012","20.91209341"
"ITA","","2013","20.64465165"
"ITA","","2014","21.18616196"
"KAZ","","1995","35.52775436"
"KAZ","","1996","35.93699437"
"KAZ","","1997","35.23831838"
"KAZ","","1998","35.49074146"
"KAZ","","1999","46.99248271"
"KAZ","","2000","48.51047841"
"KAZ","","2001","42.71304978"
"KAZ","","2002","45.89475343"
"KAZ","","2003","44.88203648"
"KAZ","","2004","41.36439986"
"KAZ","","2005","37.4937647"
"KAZ","","2006","37.54172114"
"KAZ","","2007","43.30713783"
"KAZ","","2008","37.39681048"
"KAZ","","2009","35.35615975"
"KAZ","","2010","42.3384979"
"KAZ","","2011","43.45536347"
"KAZ","","2012","43.69015226"
"KAZ","","2013","48.56409344"
"KAZ","","2014","45.13577331"
"KGZ","","1995","45.15019843"
"KGZ","","1996","51.95195221"
"KGZ","","1997","47.36812884"
"KGZ","","1998","54.81910395"
"KGZ","","1999","51.50507485"
"KGZ","","2000","49.75628905"
"KGZ","","2001","53.31033117"
"KGZ","","2002","55.03955464"
"KGZ","","2003","57.73071164"
"KGZ","","2004","55.8194131"
"KGZ","","2005","55.99056689"
"KGZ","","2006","48.13650241"
"KGZ","","2007","45.09289259"
"KGZ","","2008","42.25865918"
"KGZ","","2009","39.17953586"
"KGZ","","2010","38.66208142"
"KGZ","","2011","34.49256736"
"KGZ","","2012","35.21989165"
"KGZ","","2013","37.3335717"
"KGZ","","2014","39.40230524"
"LTU","","1995","22.39115411"
"LTU","","1996","26.17838842"
"LTU","","1997","24.45604664"
"LTU","","1998","23.02631579"
"LTU","","1999","24.98163115"
"LTU","","2000","26.1191518"
"LTU","","2001","26.53594771"
"LTU","","2002","24.62874336"
"LTU","","2003","23.26150667"
"LTU","","2004","31.93496725"
"LTU","","2005","31.74846171"
"LTU","","2006","29.98198865"
"LTU","","2007","26.55889414"
"LTU","","2008","27.03793441"
"LTU","","2009","26.46146102"
"LTU","","2010","26.82619997"
"LTU","","2011","27.01574913"
"LTU","","2012","30.35959309"
"LTU","","2013","30.86685036"
"LTU","","2014","31.2651939"
"LUX","","1995","6.19240693"
"LUX","","1996","7.19694432"
"LUX","","1997","7.45454545"
"LUX","","1998","7.5806092"
"LUX","","1999","7.36169846"
"LUX","","2000","11.79974054"
"LUX","","2001","12.45922855"
"LUX","","2002","11.82368732"
"LUX","","2003","12.22503668"
"LUX","","2004","11.64276398"
"LUX","","2005","11.59445417"
"LUX","","2006","11.54318258"
"LUX","","2007","9.37319209"
"LUX","","2008","9.14599502"
"LUX","","2009","9.30296909"
"LUX","","2010","9.57549458"
"LUX","","2011","10.5504164"
"LUX","","2012","10.97351778"
"LUX","","2013","10.79668891"
"LUX","","2014","10.60252853"
"LVA","","1995","33.72569766"
"LVA","","1996","41.486803"
"LVA","","1997","43.31281131"
"LVA","","1998","39.62647048"
"LVA","","1999","40.48140044"
"LVA","","2000","44.14402961"
"LVA","","2001","46.49307159"
"LVA","","2002","45.16749613"
"LVA","","2003","45.67188704"
"LVA","","2004","40.67225338"
"LVA","","2005","40.69765892"
"LVA","","2006","33.29321942"
"LVA","","2007","37.31129463"
"LVA","","2008","35.32410975"
"LVA","","2009","36.058486"
"LVA","","2010","35.11035532"
"LVA","","2011","32.09536125"
"LVA","","2012","34.39120315"
"LVA","","2013","35.83368066"
"LVA","","2014","35.13403506"
"MCO","","1995","7"
"MCO","","1996","7"
"MCO","","1997","7"
"MCO","","1998","7"
"MCO","","1999","7"
"MCO","","2000","7"
"MCO","","2001","7"
"MCO","","2002","7"
"MCO","","2003","7"
"MCO","","2004","7"
"MCO","","2005","7"
"MCO","","2006","7"
"MCO","","2007","7"
"MCO","","2008","7"
"MCO","","2009","7"
"MCO","","2010","7"
"MCO","","2011","7"
"MCO","","2012","7"
"MCO","","2013","7"
"MCO","","2014","7"
"MDA","","1995","27.34640759"
"MDA","","1996","27.42745507"
"MDA","","1997","28.19981108"
"MDA","","1998","36.37209437"
"MDA","","1999","43.72041469"
"MDA","","2000","42.879932"
"MDA","","2001","46.28547536"
"MDA","","2002","41.43674701"
"MDA","","2003","41.19055056"
"MDA","","2004","40.35153184"
"MDA","","2005","44.65303386"
"MDA","","2006","46.09582062"
"MDA","","2007","45.66430218"
"MDA","","2008","45.07425051"
"MDA","","2009","43.66699882"
"MDA","","2010","44.24870466"
"MDA","","2011","40.44297793"
"MDA","","2012","44.72297122"
"MDA","","2013","40.27311776"
"MDA","","2014","38.38943562"
"MKD","","1995","40.44512837"
"MKD","","1996","40.31815291"
"MKD","","1997","38.85603596"
"MKD","","1998","35.04869474"
"MKD","","1999","39.29816892"
"MKD","","2000","43.81099643"
"MKD","","2001","43.40883728"
"MKD","","2002","42.40318255"
"MKD","","2003","43.01499024"
"MKD","","2004","41.70353263"
"MKD","","2005","39.88040711"
"MKD","","2006","35.94355902"
"MKD","","2007","35.56299381"
"MKD","","2008","30.70654329"
"MKD","","2009","33.83900156"
"MKD","","2010","37.1770842"
"MKD","","2011","35.3677564"
"MKD","","2012","34.56113931"
"MKD","","2013","30.78000977"
"MKD","","2014","36.66967495"
"MLT","","1995","28.4686098"
"MLT","","1996","28.52587574"
"MLT","","1997","26.24616829"
"MLT","","1998","27.91166369"
"MLT","","1999","29.44154709"
"MLT","","2000","28.41434242"
"MLT","","2001","29.38967511"
"MLT","","2002","28.06817906"
"MLT","","2003","28.24446355"
"MLT","","2004","27.46284969"
"MLT","","2005","28.78122317"
"MLT","","2006","29.55645163"
"MLT","","2007","31.13791943"
"MLT","","2008","32.75371133"
"MLT","","2009","31.92955221"
"MLT","","2010","32.85496726"
"MLT","","2011","30.16812225"
"MLT","","2012","29.89830795"
"MLT","","2013","30.2992061"
"MLT","","2014","28.85806386"
"MNE","","1995","29.96632655"
"MNE","","1996","30.10161794"
"MNE","","1997","29.82412748"
"MNE","","1998","29.97268365"
"MNE","","1999","30.50437387"
"MNE","","2000","28.97827743"
"MNE","","2001","27.60293869"
"MNE","","2002","29.42168597"
"MNE","","2003","25.22982834"
"MNE","","2004","26.22948728"
"MNE","","2005","28.82641427"
"MNE","","2006","29.9380139"
"MNE","","2007","32.54742469"
"MNE","","2008","34.9212984"
"MNE","","2009","40.50970329"
"MNE","","2010","39.53084558"
"MNE","","2011","39.54235572"
"MNE","","2012","38.28986697"
"MNE","","2013","42.11881927"
"MNE","","2014","42.84490709"
"NLD","","1995","9.6397587"
"NLD","","1996","8.12277515"
"NLD","","1997","7.67267554"
"NLD","","1998","8.44940283"
"NLD","","1999","8.98642592"
"NLD","","2000","8.98048766"
"NLD","","2001","8.69986541"
"NLD","","2002","8.02151997"
"NLD","","2003","7.96502575"
"NLD","","2004","7.85699741"
"NLD","","2005","7.6537181"
"NLD","","2006","6.18569389"
"NLD","","2007","6.09425405"
"NLD","","2008","6.18150274"
"NLD","","2009","5.26459942"
"NLD","","2010","5.27192591"
"NLD","","2011","5.41759242"
"NLD","","2012","5.42104844"
"NLD","","2013","5.22681043"
"NLD","","2014","5.2213441"
"NOR","","1995","15.21648747"
"NOR","","1996","15.2732085"
"NOR","","1997","17.83115612"
"NOR","","1998","16.98197259"
"NOR","","1999","16.63497935"
"NOR","","2000","16.71957672"
"NOR","","2001","15.73110958"
"NOR","","2002","15.75684863"
"NOR","","2003","15.53135223"
"NOR","","2004","15.6705639"
"NOR","","2005","15.65939502"
"NOR","","2006","15.4489915"
"NOR","","2007","15.07521745"
"NOR","","2008","14.84427106"
"NOR","","2009","14.58565645"
"NOR","","2010","14.48504568"
"NOR","","2011","14.63610666"
"NOR","","2012","14.18206461"
"NOR","","2013","13.86472609"
"NOR","","2014","13.60863751"
"","NORDIC","1995","16.36"
"","NORDIC","1996","16.27"
"","NORDIC","1997","17.07"
"","NORDIC","1998","16.6"
"","NORDIC","1999","16.22"
"","NORDIC","2000","16.39"
"","NORDIC","2001","17"
"","NORDIC","2002","16.69"
"","NORDIC","2003","16.4"
"","NORDIC","2004","16.54"
"","NORDIC","2005","16.54"
"","NORDIC","2006","16.19"
"","NORDIC","2007","16.12"
"","NORDIC","2008","15.91"
"","NORDIC","2009","15.73"
"","NORDIC","2010","15.83"
"","NORDIC","2011","14.69"
"","NORDIC","2012","14.51"
"","NORDIC","2013","14.69"
"","NORDIC","2014","14.73"
"POL","","1995","27.10928192"
"POL","","1996","26.61134386"
"POL","","1997","28.04278593"
"POL","","1998","34.61636"
"POL","","1999","28.870511"
"POL","","2000","29.96982822"
"POL","","2001","28.10071155"
"POL","","2002","25.43890551"
"POL","","2003","26.43068855"
"POL","","2004","28.10926538"
"POL","","2005","26.11966082"
"POL","","2006","25.5907052"
"POL","","2007","24.60527931"
"POL","","2008","22.79781731"
"POL","","2009","22.70419273"
"POL","","2010","22.11461352"
"POL","","2011","22.28396824"
"POL","","2012","22.74231424"
"POL","","2013","23.54704745"
"POL","","2014","23.45940208"
"PRT","","1995","23.9177231"
"PRT","","1996","23.32911253"
"PRT","","1997","22.87343746"
"PRT","","1998","22.95951707"
"PRT","","1999","23.68118121"
"PRT","","2000","22.5837906"
"PRT","","2001","22.35773035"
"PRT","","2002","20.88173335"
"PRT","","2003","21.54689655"
"PRT","","2004","21.66318342"
"PRT","","2005","22.01663982"
"PRT","","2006","23.672906"
"PRT","","2007","24.15299203"
"PRT","","2008","24.36995801"
"PRT","","2009","23.25844641"
"PRT","","2010","23.30488083"
"PRT","","2011","25.15964548"
"PRT","","2012","27.3951301"
"PRT","","2013","26.38154979"
"PRT","","2014","26.84162392"
"ROU","","1995","25.45601253"
"ROU","","1996","26.78191118"
"ROU","","1997","20.62398663"
"ROU","","1998","24.41738231"
"ROU","","1999","20.33830463"
"ROU","","2000","18.8036902"
"ROU","","2001","18.88235043"
"ROU","","2002","17.81355932"
"ROU","","2003","14.8063046"
"ROU","","2004","24.12966252"
"ROU","","2005","18.46415308"
"ROU","","2006","19.78983939"
"ROU","","2007","17.26038082"
"ROU","","2008","17.62249961"
"ROU","","2009","20.52073424"
"ROU","","2010","19.21169927"
"ROU","","2011","20.31682801"
"ROU","","2012","19.1377291"
"ROU","","2013","18.65632204"
"ROU","","2014","18.87093587"
"RUS","","1995","16.88725463"
"RUS","","1996","18.05514167"
"RUS","","1997","18.08232833"
"RUS","","1998","23.01363741"
"RUS","","1999","27.49439074"
"RUS","","2000","29.96718001"
"RUS","","2001","30.48275862"
"RUS","","2002","30.86419753"
"RUS","","2003","32.82937365"
"RUS","","2004","33.23899015"
"RUS","","2005","31.3238036"
"RUS","","2006","29.96708453"
"RUS","","2007","29.73668027"
"RUS","","2008","39.63370867"
"RUS","","2009","41.41219344"
"RUS","","2010","43.30368319"
"RUS","","2011","43.35586061"
"RUS","","2012","42.54673728"
"RUS","","2013","45.43236056"
"RUS","","2014","45.84543803"
"","SEEHN","1995","31.9"
"","SEEHN","1996","32.32"
"","SEEHN","1997","29.95"
"","SEEHN","1998","32.38"
"","SEEHN","1999","30.71"
"","SEEHN","2000","30.66"
"","SEEHN","2001","30.76"
"","SEEHN","2002","28.74"
"","SEEHN","2003","27.07"
"","SEEHN","2004","31.49"
"","SEEHN","2005","29.91"
"","SEEHN","2006","30.64"
"","SEEHN","2007","29.65"
"","SEEHN","2008","29.17"
"","SEEHN","2009","30.46"
"","SEEHN","2010","30.05"
"","SEEHN","2011","30.04"
"","SEEHN","2012","29.85"
"","SEEHN","2013","29.83"
"","SEEHN","2014","30.14"
"SMR","","1995","12.73583475"
"SMR","","1996","12.78131346"
"SMR","","1997","9.15666918"
"SMR","","1998","8.96087566"
"SMR","","1999","8.22521436"
"SMR","","2000","8.08763259"
"SMR","","2001","7.96531349"
"SMR","","2002","7.87568471"
"SMR","","2003","7.40921562"
"SMR","","2004","7.37919854"
"SMR","","2005","7.47931477"
"SMR","","2006","7.72806833"
"SMR","","2007","7.72439908"
"SMR","","2008","7.57921716"
"SMR","","2009","7.27207771"
"SMR","","2010","6.68640481"
"SMR","","2011","6.26979217"
"SMR","","2012","5.99687484"
"SMR","","2013","5.89924974"
"SMR","","2014","5.82226233"
"SRB","","1995","29.44930346"
"SRB","","1996","29.44234581"
"SRB","","1997","29.5190053"
"SRB","","1998","30.10406619"
"SRB","","1999","30.52353731"
"SRB","","2000","29.50964904"
"SRB","","2001","28.40087356"
"SRB","","2002","23.75916298"
"SRB","","2003","24.99777049"
"SRB","","2004","27.3167304"
"SRB","","2005","29.93443415"
"SRB","","2006","32.92166016"
"SRB","","2007","34.82403783"
"SRB","","2008","35.14494038"
"SRB","","2009","35.16925872"
"SRB","","2010","36.43167795"
"SRB","","2011","36.17268289"
"SRB","","2012","37.12918066"
"SRB","","2013","37.06100923"
"SRB","","2014","36.58918371"
"SVK","","1995","11.48120326"
"SVK","","1996","11.32311023"
"SVK","","1997","8.32138149"
"SVK","","1998","8.41441003"
"SVK","","1999","10.35651131"
"SVK","","2000","10.61420897"
"SVK","","2001","10.71242822"
"SVK","","2002","10.9355393"
"SVK","","2003","11.68044147"
"SVK","","2004","19.18392915"
"SVK","","2005","22.56913421"
"SVK","","2006","25.94977114"
"SVK","","2007","26.2212039"
"SVK","","2008","25.23840238"
"SVK","","2009","25.5518937"
"SVK","","2010","21.66366472"
"SVK","","2011","22.64877048"
"SVK","","2012","22.3689441"
"SVK","","2013","22.69280184"
"SVK","","2014","22.53609096"
"SVN","","1995","11.2167578"
"SVN","","1996","11.79086761"
"SVN","","1997","11.6749697"
"SVN","","1998","11.84860534"
"SVN","","1999","12.3739096"
"SVN","","2000","11.46269579"
"SVN","","2001","10.46321279"
"SVN","","2002","11.50346674"
"SVN","","2003","11.71112316"
"SVN","","2004","11.59595226"
"SVN","","2005","12.4202163"
"SVN","","2006","11.56275356"
"SVN","","2007","13.00350203"
"SVN","","2008","11.94232996"
"SVN","","2009","11.91236628"
"SVN","","2010","12.23411459"
"SVN","","2011","11.75835312"
"SVN","","2012","11.89931133"
"SVN","","2013","12.10584609"
"SVN","","2014","12.06581854"
"SWE","","1995","13.33568315"
"SWE","","1996","13.05691698"
"SWE","","1997","14.14772676"
"SWE","","1998","13.59820224"
"SWE","","1999","13.38850745"
"SWE","","2000","13.77082515"
"SWE","","2001","16.38581549"
"SWE","","2002","16.0442036"
"SWE","","2003","15.66805105"
"SWE","","2004","16.05031696"
"SWE","","2005","16.41063651"
"SWE","","2006","16.35278132"
"SWE","","2007","16.17985751"
"SWE","","2008","16.11397807"
"SWE","","2009","16.10973069"
"SWE","","2010","16.01370786"
"SWE","","2011","13.36128904"
"SWE","","2012","13.76986808"
"SWE","","2013","14.08983766"
"SWE","","2014","14.06425667"
"TJK","","1995","57.47663551"
"TJK","","1996","56.97577277"
"TJK","","1997","54.33789954"
"TJK","","1998","66.28751542"
"TJK","","1999","70.95094555"
"TJK","","2000","78.81023842"
"TJK","","2001","78.63385679"
"TJK","","2002","78.91660976"
"TJK","","2003","77.64165378"
"TJK","","2004","79.5078152"
"TJK","","2005","78.354169"
"TJK","","2006","78.18918473"
"TJK","","2007","73.03534911"
"TJK","","2008","72.3025584"
"TJK","","2009","67.78968027"
"TJK","","2010","66.84527796"
"TJK","","2011","61.42301278"
"TJK","","2012","60.0908501"
"TJK","","2013","60.11518098"
"TJK","","2014","61.69458336"
"TKM","","1995","39.49664811"
"TKM","","1996","27.83038287"
"TKM","","1997","29.85480944"
"TKM","","1998","30.39772727"
"TKM","","1999","38.53564547"
"TKM","","2000","18.45556095"
"TKM","","2001","27.22063037"
"TKM","","2002","27.15231788"
"TKM","","2003","29.70729576"
"TKM","","2004","39.96641478"
"TKM","","2005","42.42424242"
"TKM","","2006","46.75646385"
"TKM","","2007","35.68977351"
"TKM","","2008","50.81898362"
"TKM","","2009","38.1898345"
"TKM","","2010","38.42521362"
"TKM","","2011","35.98876182"
"TKM","","2012","35.09392343"
"TKM","","2013","32.7576376"
"TKM","","2014","34.77123283"
"TUR","","1995","29.67889908"
"TUR","","1996","30.84464032"
"TUR","","1997","28.26398321"
"TUR","","1998","27.95762375"
"TUR","","1999","29.07871138"
"TUR","","2000","27.64528582"
"TUR","","2001","22.84607938"
"TUR","","2002","19.84126984"
"TUR","","2003","18.46039376"
"TUR","","2004","19.23807335"
"TUR","","2005","22.76465115"
"TUR","","2006","21.97352561"
"TUR","","2007","21.81622937"
"TUR","","2008","17.3810859"
"TUR","","2009","14.0595051"
"TUR","","2010","16.31375855"
"TUR","","2011","15.43574271"
"TUR","","2012","15.83792746"
"TUR","","2013","16.77449935"
"TUR","","2014","17.75092348"
"UKR","","1995","24.46275705"
"UKR","","1996","26.8498393"
"UKR","","1997","35.51838943"
"UKR","","1998","42.96171363"
"UKR","","1999","46.17603682"
"UKR","","2000","44.05130251"
"UKR","","2001","41.77886247"
"UKR","","2002","40.36562621"
"UKR","","2003","38.70176568"
"UKR","","2004","38.56810908"
"UKR","","2005","37.49602459"
"UKR","","2006","36.27817387"
"UKR","","2007","34.65199546"
"UKR","","2008","39.44481542"
"UKR","","2009","41.96473693"
"UKR","","2010","40.50427734"
"UKR","","2011","43.63549911"
"UKR","","2012","41.98072263"
"UKR","","2013","43.08771713"
"UKR","","2014","46.21546909"
"UZB","","1995","46.54536376"
"UZB","","1996","47.96323053"
"UZB","","1997","51.46325578"
"UZB","","1998","53.15691789"
"UZB","","1999","49.16094298"
"UZB","","2000","52.30381329"
"UZB","","2001","51.50587845"
"UZB","","2002","55.23403137"
"UZB","","2003","53.77774093"
"UZB","","2004","52.44402615"
"UZB","","2005","52.12888595"
"UZB","","2006","52.01942418"
"UZB","","2007","56.85507212"
"UZB","","2008","53.86898912"
"UZB","","2009","55.03985062"
"UZB","","2010","45.62872233"
"UZB","","2011","46.36190094"
"UZB","","2012","48.74927582"
"UZB","","2013","47.62587416"
"UZB","","2014","43.93235457"
"","WHO_EURO","1995","22.06"
"","WHO_EURO","1996","22.38"
"","WHO_EURO","1997","22.7"
"","WHO_EURO","1998","24.8"
"","WHO_EURO","1999","25.6"
"","WHO_EURO","2000","25.79"
"","WHO_EURO","2001","25.09"
"","WHO_EURO","2002","24.76"
"","WHO_EURO","2003","24.81"
"","WHO_EURO","2004","25.33"
"","WHO_EURO","2005","24.86"
"","WHO_EURO","2006","24.39"
"","WHO_EURO","2007","24.29"
"","WHO_EURO","2008","25.47"
"","WHO_EURO","2009","25.21"
"","WHO_EURO","2010","25.51"
"","WHO_EURO","2011","25.64"
"","WHO_EURO","2012","25.59"
"","WHO_EURO","2013","26.37"
"","WHO_EURO","2014","26.64"

"Last update","2019.10.17 14:21:29 GMT"
"Description","Private household out-of-pocket expenditure as a proportion of total health expenditure (%)"
"Reference link","https://dw.euro.who.int/api/v3/measures/H2020_29?lang=En"

"Copyright"
"© WHO Regional Office for Europe 2022. All rights reserved.","https://www.who.int/about/policies/publishing/copyright"
